municipality,address,owner_entity,assessed_value,eq_ratio,full_value,tax_rate,abatement_opportunity,priority_tier,source,county,scraped_date,owner_name,owner_address,owner_phone,owner_email,contact_status,notes
Clarksville,849 Market St,Clarksville Commercial LLC,12683910,0.82,15468183.0,12.34,2784273.0,A — Top Priority,Avitar,Coos,2026-04-14,,,,,,
Sandwich,700 Technology Dr,Sandwich Commercial LLC,14667877,0.86,17055671.0,12.34,2387794.0,A — Top Priority,Avitar,Carroll,2026-04-14,,,,,,
Gilmanton,532 Corporate Dr,Gilmanton Commercial LLC,13473867,0.87,15487203.0,17.21,2013336.0,A — Top Priority,Avitar,Belknap,2026-04-14,,,,,,
Barnstead,324 Corporate Dr,Barnstead Commercial LLC,14309411,0.88,16260694.0,16.43,1951283.0,A — Top Priority,Avitar,Belknap,2026-04-14,,,,,,
Sandwich,670 Technology Dr,Sandwich Commercial LLC,11859060,0.86,13789605.0,12.34,1930545.0,A — Top Priority,Avitar,Carroll,2026-04-14,,,,,,
Sandwich,557 Commerce Dr,Sandwich Commercial LLC,11437482,0.86,13299398.0,12.34,1861916.0,A — Top Priority,Avitar,Carroll,2026-04-14,,,,,,
Sandwich,31 Technology Dr,Sandwich Commercial LLC,11175602,0.86,12994886.0,12.34,1819284.0,A — Top Priority,Avitar,Carroll,2026-04-14,,,,,,
Madison,711 Main St,Madison Commercial LLC,12991183,0.88,14762708.0,11.45,1771525.0,A — Top Priority,Avitar,Carroll,2026-04-14,,,,,,
Gilmanton,523 Commerce Dr,Gilmanton Commercial LLC,11476563,0.87,13191452.0,17.21,1714889.0,A — Top Priority,Avitar,Belknap,2026-04-14,,,,,,
Campton,950 Technology Dr,Campton Commercial LLC,14634494,0.9,16260549.0,15.34,1626055.0,A — Top Priority,Avitar,Grafton,2026-04-14,,,,,,
Alton,324 Market St,Alton Commercial LLC,14548718,0.9,16165242.0,11.25,1616524.0,A — Top Priority,Avitar,Belknap,2026-04-14,,,,,,
Madison,47 Business Park Rd,Madison Commercial LLC,11369689,0.88,12920101.0,11.45,1550412.0,A — Top Priority,Avitar,Carroll,2026-04-14,,,,,,
Alton,932 Market St,Alton Commercial LLC,13918642,0.9,15465158.0,11.25,1546516.0,A — Top Priority,Avitar,Belknap,2026-04-14,,,,,,
Henniker,805 Industrial Pkwy,Henniker Commercial LLC,14923158,0.91,16399075.0,23.56,1475917.0,A — Top Priority,Avitar,Merrimack,2026-04-14,,,,,,
Francestown,19 Commerce Dr,Francestown Commercial LLC,13055079,0.9,14505643.0,21.78,1450564.0,A — Top Priority,Avitar,Hillsborough,2026-04-14,,,,,,
Madison,922 Main St,Madison Commercial LLC,10597626,0.88,12042757.0,11.45,1445131.0,A — Top Priority,Avitar,Carroll,2026-04-14,,,,,,
Francestown,222 Harbor Ave,Francestown Commercial LLC,12988209,0.9,14431343.0,21.78,1443134.0,A — Top Priority,Avitar,Hillsborough,2026-04-14,,,,,,
New Hampton,926 Main St,New Hampton Commercial LLC,14374857,0.91,15796546.0,14.78,1421689.0,A — Top Priority,Avitar,Belknap,2026-04-14,,,,,,
Henniker,278 Industrial Pkwy,Henniker Commercial LLC,14327221,0.91,15744199.0,23.56,1416978.0,A — Top Priority,Avitar,Merrimack,2026-04-14,,,,,,
New Hampton,272 Business Park Rd,New Hampton Commercial LLC,13760888,0.91,15121855.0,14.78,1360967.0,A — Top Priority,Avitar,Belknap,2026-04-14,,,,,,
Northfield,54 Industrial Pkwy,Northfield Commercial LLC,13669838,0.91,15021800.0,22.34,1351962.0,A — Top Priority,Vision,Merrimack,2026-04-14,,,,,,
New Hampton,142 Business Park Rd,New Hampton Commercial LLC,13595756,0.91,14940391.0,14.78,1344635.0,A — Top Priority,Avitar,Belknap,2026-04-14,,,,,,
Northfield,993 Business Park Rd,Northfield Commercial LLC,13447460,0.91,14777429.0,22.34,1329969.0,A — Top Priority,Vision,Merrimack,2026-04-14,,,,,,
Henniker,41 Harbor Ave,Henniker Commercial LLC,12868643,0.91,14141366.0,23.56,1272723.0,A — Top Priority,Avitar,Merrimack,2026-04-14,,,,,,
Alton,254 Commerce Dr,Alton Commercial LLC,11204298,0.9,12449220.0,11.25,1244922.0,A — Top Priority,Avitar,Belknap,2026-04-14,,,,,,
Lancaster,69 Business Park Rd,Lancaster Commercial LLC,12400725,0.91,13627170.0,27.34,1226445.0,A — Top Priority,Avitar,Coos,2026-04-14,,,,,,
Lisbon,450 Corporate Dr,Lisbon Commercial LLC,8931161,0.88,10149047.0,24.56,1217886.0,A — Top Priority,Avitar,Grafton,2026-04-14,,,,,,
Lancaster,623 Business Park Rd,Lancaster Commercial LLC,12097270,0.91,13293703.0,27.34,1196433.0,A — Top Priority,Avitar,Coos,2026-04-14,,,,,,
Alton,283 Corporate Dr,Alton Commercial LLC,10726890,0.9,11918767.0,11.25,1191877.0,A — Top Priority,Avitar,Belknap,2026-04-14,,,,,,
Henniker,825 Technology Dr,Henniker Commercial LLC,11439834,0.91,12571246.0,23.56,1131412.0,A — Top Priority,Avitar,Merrimack,2026-04-14,,,,,,
Northumberland,99 Market St,Northumberland Commercial LLC,14318792,0.87,16458382.0,24.67,2139590.0,B — High Value,Avitar,Coos,2026-04-14,,,,,,
Northumberland,493 Harbor Ave,Northumberland Commercial LLC,13812658,0.87,15876618.0,24.67,2063960.0,B — High Value,Avitar,Coos,2026-04-14,,,,,,
Northumberland,571 Business Park Rd,Northumberland Commercial LLC,13679043,0.87,15723038.0,24.67,2043995.0,B — High Value,Avitar,Coos,2026-04-14,,,,,,
Franconia,51 Main St,Franconia Commercial LLC,14868738,0.89,16706447.0,13.89,1837709.0,B — High Value,Avitar,Grafton,2026-04-14,,,,,,
Tamworth,37 Corporate Dr,Tamworth Commercial LLC,13052829,0.88,14832760.0,13.67,1779931.0,B — High Value,Avitar,Carroll,2026-04-14,,,,,,
Wakefield,989 Corporate Dr,Wakefield Commercial LLC,14370075,0.89,16146152.0,15.23,1776077.0,B — High Value,Avitar,Carroll,2026-04-14,,,,,,
Ossipee,891 Commerce Dr,Ossipee Commercial LLC,11676924,0.87,13421752.0,14.56,1744828.0,B — High Value,Avitar,Carroll,2026-04-14,,,,,,
Gorham,962 Corporate Dr,Gorham Commercial LLC,14045415,0.89,15781365.0,29.45,1735950.0,B — High Value,Avitar,Coos,2026-04-14,,,,,,
Northumberland,774 Corporate Dr,Northumberland Commercial LLC,11533879,0.87,13257332.0,24.67,1723453.0,B — High Value,Avitar,Coos,2026-04-14,,,,,,
Franconia,993 Technology Dr,Franconia Commercial LLC,13669435,0.89,15358916.0,13.89,1689481.0,B — High Value,Avitar,Grafton,2026-04-14,,,,,,
Northumberland,575 Harbor Ave,Northumberland Commercial LLC,11109916,0.87,12770018.0,24.67,1660102.0,B — High Value,Avitar,Coos,2026-04-14,,,,,,
Whitefield,990 Business Park Rd,Whitefield Commercial LLC,12167121,0.88,13826274.0,22.78,1659153.0,B — High Value,Avitar,Coos,2026-04-14,,,,,,
Barnstead,993 Technology Dr,Barnstead Commercial LLC,11930264,0.88,13557118.0,16.43,1626854.0,B — High Value,Avitar,Belknap,2026-04-14,,,,,,
Milton,335 Corporate Dr,Milton Commercial LLC,14579149,0.9,16199054.0,21.78,1619905.0,B — High Value,Avitar,Strafford,2026-04-14,,,,,,
Tamworth,994 Technology Dr,Tamworth Commercial LLC,11824031,0.88,13436399.0,13.67,1612368.0,B — High Value,Avitar,Carroll,2026-04-14,,,,,,
Whitefield,607 Harbor Ave,Whitefield Commercial LLC,11777198,0.88,13383180.0,22.78,1605982.0,B — High Value,Avitar,Coos,2026-04-14,,,,,,
Pittsfield,975 Harbor Ave,Pittsfield Commercial LLC,14377787,0.9,15975319.0,24.56,1597532.0,B — High Value,Avitar,Merrimack,2026-04-14,,,,,,
Milton,152 Industrial Pkwy,Milton Commercial LLC,13822814,0.9,15358682.0,21.78,1535868.0,B — High Value,Avitar,Strafford,2026-04-14,,,,,,
Strafford,956 Market St,Strafford Commercial LLC,13713405,0.9,15237117.0,19.45,1523712.0,B — High Value,Patriot,Strafford,2026-04-14,,,,,,
Winchester,103 Commerce Dr,Winchester Commercial LLC,13273685,0.9,14748539.0,23.12,1474854.0,B — High Value,Avitar,Cheshire,2026-04-14,,,,,,
Conway,203 Market St,Conway Commercial LLC,14889876,0.91,16362501.0,12.45,1472625.0,B — High Value,Patriot,Carroll,2026-04-14,,,,,,
Swanzey,993 Main St,Swanzey Commercial LLC,14683982,0.91,16136244.0,24.34,1452262.0,B — High Value,Patriot,Cheshire,2026-04-14,,,,,,
Whitefield,64 Corporate Dr,Whitefield Commercial LLC,10594378,0.88,12039066.0,22.78,1444688.0,B — High Value,Avitar,Coos,2026-04-14,,,,,,
Tuftonboro,430 Commerce Dr,Tuftonboro Commercial LLC,14546081,0.91,15984704.0,9.45,1438623.0,B — High Value,Avitar,Carroll,2026-04-14,,,,,,
Milton,827 Technology Dr,Milton Commercial LLC,12913841,0.9,14348712.0,21.78,1434871.0,B — High Value,Avitar,Strafford,2026-04-14,,,,,,
Weare,15 Technology Dr,Weare Commercial LLC,14460083,0.91,15890201.0,22.34,1430118.0,B — High Value,Patriot,Hillsborough,2026-04-14,,,,,,
Warner,899 Market St,Warner Commercial LLC,14456889,0.91,15886691.0,21.23,1429802.0,B — High Value,Avitar,Merrimack,2026-04-14,,,,,,
Sanbornton,363 Corporate Dr,Sanbornton Commercial LLC,11493836,0.89,12914422.0,15.34,1420586.0,B — High Value,Avitar,Belknap,2026-04-14,,,,,,
Whitefield,117 Commerce Dr,Whitefield Commercial LLC,10330292,0.88,11738968.0,22.78,1408676.0,B — High Value,Avitar,Coos,2026-04-14,,,,,,
Newport,710 Technology Dr,Newport Commercial LLC,14238779,0.91,15647010.0,26.78,1408231.0,B — High Value,Avitar,Sullivan,2026-04-14,,,,,,
Barnstead,141 Business Park Rd,Barnstead Commercial LLC,10284953,0.88,11687447.0,16.43,1402494.0,B — High Value,Avitar,Belknap,2026-04-14,,,,,,
Northwood,739 Industrial Pkwy,Northwood Commercial LLC,14098917,0.91,15493315.0,21.23,1394398.0,B — High Value,Patriot,Rockingham,2026-04-14,,,,,,
Tuftonboro,570 Technology Dr,Tuftonboro Commercial LLC,13774986,0.91,15137347.0,9.45,1362361.0,B — High Value,Avitar,Carroll,2026-04-14,,,,,,
Francestown,371 Technology Dr,Francestown Commercial LLC,11976973,0.9,13307748.0,21.78,1330775.0,B — High Value,Avitar,Hillsborough,2026-04-14,,,,,,
Fremont,771 Industrial Pkwy,Fremont Commercial LLC,14970677,0.92,16272475.0,21.45,1301798.0,B — High Value,Patriot,Rockingham,2026-04-14,,,,,,
Belmont,476 Market St,Belmont Commercial LLC,14919017,0.92,16216323.0,15.87,1297306.0,B — High Value,Vision,Belknap,2026-04-14,,,,,,
Francestown,670 Corporate Dr,Francestown Commercial LLC,11652831,0.9,12947590.0,21.78,1294759.0,B — High Value,Avitar,Hillsborough,2026-04-14,,,,,,
Bristol,182 Technology Dr,Bristol Commercial LLC,14712931,0.92,15992316.0,19.78,1279385.0,B — High Value,Avitar,Grafton,2026-04-14,,,,,,
Sandwich,356 Commerce Dr,Sandwich Commercial LLC,7810833,0.86,9082364.0,12.34,1271531.0,B — High Value,Avitar,Carroll,2026-04-14,,,,,,
Littleton,39 Industrial Pkwy,Littleton Commercial LLC,14382808,0.92,15633487.0,22.78,1250679.0,B — High Value,Avitar,Grafton,2026-04-14,,,,,,
Farmington,449 Main St,Farmington Commercial LLC,11934845,0.91,13115214.0,23.67,1180369.0,B — High Value,Patriot,Strafford,2026-04-14,,,,,,
Farmington,83 Main St,Farmington Commercial LLC,11551881,0.91,12694375.0,23.67,1142494.0,B — High Value,Patriot,Strafford,2026-04-14,,,,,,
Fremont,990 Harbor Ave,Fremont Commercial LLC,13068356,0.92,14204735.0,21.45,1136379.0,B — High Value,Patriot,Rockingham,2026-04-14,,,,,,
Exeter,564 Corporate Dr,Exeter Commercial LLC,14656432,0.93,15759604.0,20.14,1103172.0,B — High Value,Vision,Rockingham,2026-04-14,,,,,,
Exeter,503 Technology Dr,Exeter Commercial LLC,14525337,0.93,15618642.0,20.14,1093305.0,B — High Value,Vision,Rockingham,2026-04-14,,,,,,
Sandown,173 Market St,Sandown Commercial LLC,14318706,0.93,15396458.0,20.34,1077752.0,B — High Value,Patriot,Rockingham,2026-04-14,,,,,,
Belmont,475 Industrial Pkwy,Belmont Commercial LLC,12305648,0.92,13375704.0,15.87,1070056.0,B — High Value,Vision,Belknap,2026-04-14,,,,,,
Madison,981 Harbor Ave,Madison Commercial LLC,7806425,0.88,8870938.0,11.45,1064513.0,B — High Value,Avitar,Carroll,2026-04-14,,,,,,
New Hampton,990 Main St,New Hampton Commercial LLC,10744064,0.91,11806664.0,14.78,1062600.0,B — High Value,Avitar,Belknap,2026-04-14,,,,,,
Bristol,462 Business Park Rd,Bristol Commercial LLC,11887324,0.92,12921004.0,19.78,1033680.0,B — High Value,Avitar,Grafton,2026-04-14,,,,,,
Campton,911 Corporate Dr,Campton Commercial LLC,9149031,0.9,10165590.0,15.34,1016559.0,B — High Value,Avitar,Grafton,2026-04-14,,,,,,
Barnstead,683 Market St,Barnstead Commercial LLC,7424507,0.88,8436940.0,16.43,1012433.0,B — High Value,Avitar,Belknap,2026-04-14,,,,,,
Francestown,897 Business Park Rd,Francestown Commercial LLC,9094467,0.9,10104963.0,21.78,1010496.0,B — High Value,Avitar,Hillsborough,2026-04-14,,,,,,
Exeter,691 Technology Dr,Exeter Commercial LLC,13405324,0.93,14414327.0,20.14,1009003.0,B — High Value,Vision,Rockingham,2026-04-14,,,,,,
Madison,89 Market St,Madison Commercial LLC,7381137,0.88,8387656.0,11.45,1006519.0,B — High Value,Avitar,Carroll,2026-04-14,,,,,,
Exeter,943 Harbor Ave,Exeter Commercial LLC,13336868,0.93,14340718.0,20.14,1003850.0,B — High Value,Vision,Rockingham,2026-04-14,,,,,,
Francestown,477 Harbor Ave,Francestown Commercial LLC,8984684,0.9,9982982.0,21.78,998298.0,B — High Value,Avitar,Hillsborough,2026-04-14,,,,,,
Alton,134 Business Park Rd,Alton Commercial LLC,8843493,0.9,9826103.0,11.25,982610.0,B — High Value,Avitar,Belknap,2026-04-14,,,,,,
Gilmanton,514 Main St,Gilmanton Commercial LLC,6526737,0.87,7501997.0,17.21,975260.0,B — High Value,Avitar,Belknap,2026-04-14,,,,,,
Rochester,220 Corporate Dr,Rochester Commercial LLC,14988941,0.94,15945682.0,21.55,956741.0,B — High Value,Vision,Strafford,2026-04-14,,,,,,
Gilmanton,707 Technology Dr,Gilmanton Commercial LLC,6376513,0.87,7329325.0,17.21,952812.0,B — High Value,Avitar,Belknap,2026-04-14,,,,,,
Sanbornton,571 Business Park Rd,Sanbornton Commercial LLC,7684346,0.89,8634097.0,15.34,949751.0,B — High Value,Avitar,Belknap,2026-04-14,,,,,,
Lisbon,296 Main St,Lisbon Commercial LLC,6947208,0.88,7894555.0,24.56,947347.0,B — High Value,Avitar,Grafton,2026-04-14,,,,,,
Alton,411 Technology Dr,Alton Commercial LLC,8525633,0.9,9472926.0,11.25,947293.0,B — High Value,Avitar,Belknap,2026-04-14,,,,,,
Sandown,847 Harbor Ave,Sandown Commercial LLC,12560067,0.93,13505448.0,20.34,945381.0,B — High Value,Patriot,Rockingham,2026-04-14,,,,,,
Littleton,939 Business Park Rd,Littleton Commercial LLC,10733308,0.92,11666639.0,22.78,933331.0,B — High Value,Avitar,Grafton,2026-04-14,,,,,,
Franklin,491 Business Park Rd,Franklin Commercial LLC,12288493,0.93,13213433.0,28.34,924940.0,B — High Value,Avitar,Merrimack,2026-04-14,,,,,,
Madison,976 Harbor Ave,Madison Commercial LLC,6737973,0.88,7656788.0,11.45,918815.0,B — High Value,Avitar,Carroll,2026-04-14,,,,,,
Somersworth,613 Main St,Somersworth Commercial LLC,12045310,0.93,12951946.0,25.67,906636.0,B — High Value,Patriot,Strafford,2026-04-14,,,,,,
Sandown,322 Market St,Sandown Commercial LLC,11929285,0.93,12827188.0,20.34,897903.0,B — High Value,Patriot,Rockingham,2026-04-14,,,,,,
Sandown,715 Business Park Rd,Sandown Commercial LLC,11913742,0.93,12810475.0,20.34,896733.0,B — High Value,Patriot,Rockingham,2026-04-14,,,,,,
Franklin,418 Industrial Pkwy,Franklin Commercial LLC,11860935,0.93,12753694.0,28.34,892759.0,B — High Value,Avitar,Merrimack,2026-04-14,,,,,,
Somersworth,172 Commerce Dr,Somersworth Commercial LLC,11791689,0.93,12679235.0,25.67,887546.0,B — High Value,Patriot,Strafford,2026-04-14,,,,,,
Henniker,378 Market St,Henniker Commercial LLC,8888997,0.91,9768129.0,23.56,879132.0,B — High Value,Avitar,Merrimack,2026-04-14,,,,,,
Tilton,731 Business Park Rd,Tilton Commercial LLC,11527171,0.93,12394808.0,19.45,867637.0,B — High Value,Avitar,Belknap,2026-04-14,,,,,,
Epping,909 Harbor Ave,Epping Commercial LLC,13568604,0.94,14434685.0,20.34,866081.0,B — High Value,Patriot,Rockingham,2026-04-14,,,,,,
Farmington,457 Harbor Ave,Farmington Commercial LLC,8692493,0.91,9552190.0,23.67,859697.0,B — High Value,Patriot,Strafford,2026-04-14,,,,,,
Plymouth,973 Main St,Plymouth Commercial LLC,11212420,0.93,12056366.0,21.23,843946.0,B — High Value,Avitar,Grafton,2026-04-14,,,,,,
Alton,346 Harbor Ave,Alton Commercial LLC,7588334,0.9,8431482.0,11.25,843148.0,B — High Value,Avitar,Belknap,2026-04-14,,,,,,
Somersworth,911 Business Park Rd,Somersworth Commercial LLC,11112074,0.93,11948467.0,25.67,836393.0,B — High Value,Patriot,Strafford,2026-04-14,,,,,,
Tilton,864 Market St,Tilton Commercial LLC,11067987,0.93,11901061.0,19.45,833074.0,B — High Value,Avitar,Belknap,2026-04-14,,,,,,
Bristol,405 Commerce Dr,Bristol Commercial LLC,9575716,0.92,10408387.0,19.78,832671.0,B — High Value,Avitar,Grafton,2026-04-14,,,,,,
New Hampton,324 Commerce Dr,New Hampton Commercial LLC,8408753,0.91,9240388.0,14.78,831635.0,B — High Value,Avitar,Belknap,2026-04-14,,,,,,
Sandwich,356 Technology Dr,Sandwich Commercial LLC,4946793,0.86,5752085.0,12.34,805292.0,B — High Value,Avitar,Carroll,2026-04-14,,,,,,
Madbury,661 Main St,Madbury Commercial LLC,12580510,0.94,13383521.0,19.56,803011.0,B — High Value,Avitar,Strafford,2026-04-14,,,,,,
Epping,390 Commerce Dr,Epping Commercial LLC,12555196,0.94,13356591.0,20.34,801395.0,B — High Value,Patriot,Rockingham,2026-04-14,,,,,,
Exeter,858 Commerce Dr,Exeter Commercial LLC,10558158,0.93,11352858.0,20.14,794700.0,B — High Value,Vision,Rockingham,2026-04-14,,,,,,
Francestown,502 Market St,Francestown Commercial LLC,7092097,0.9,7880108.0,21.78,788011.0,B — High Value,Avitar,Hillsborough,2026-04-14,,,,,,
Newfields,726 Harbor Ave,Newfields Commercial LLC,12306167,0.94,13091667.0,17.56,785500.0,B — High Value,Patriot,Rockingham,2026-04-14,,,,,,
Henniker,874 Harbor Ave,Henniker Commercial LLC,7767348,0.91,8535547.0,23.56,768199.0,B — High Value,Avitar,Merrimack,2026-04-14,,,,,,
Exeter,795 Main St,Exeter Commercial LLC,9906726,0.93,10652394.0,20.14,745668.0,B — High Value,Vision,Rockingham,2026-04-14,,,,,,
Bristol,905 Harbor Ave,Bristol Commercial LLC,8352825,0.92,9079158.0,19.78,726333.0,B — High Value,Avitar,Grafton,2026-04-14,,,,,,
Gilmanton,734 Main St,Gilmanton Commercial LLC,4705215,0.87,5408293.0,17.21,703078.0,B — High Value,Avitar,Belknap,2026-04-14,,,,,,
Lebanon,990 Commerce Dr,Lebanon Commercial LLC,13245534,0.95,13942667.0,20.45,697133.0,B — High Value,Vision,Grafton,2026-04-14,,,,,,
Farmington,34 Market St,Farmington Commercial LLC,7040479,0.91,7736790.0,23.67,696311.0,B — High Value,Patriot,Strafford,2026-04-14,,,,,,
Tilton,918 Main St,Tilton Commercial LLC,9240779,0.93,9936322.0,19.45,695543.0,B — High Value,Avitar,Belknap,2026-04-14,,,,,,
Farmington,685 Corporate Dr,Farmington Commercial LLC,6977266,0.91,7667325.0,23.67,690059.0,B — High Value,Patriot,Strafford,2026-04-14,,,,,,
Portsmouth,120 Technology Dr,Portsmouth Commercial LLC,12523856,0.95,13183006.0,14.29,659150.0,B — High Value,Vision,Rockingham,2026-04-14,,,,,,
Somersworth,259 Main St,Somersworth Commercial LLC,8752810,0.93,9411624.0,25.67,658814.0,B — High Value,Patriot,Strafford,2026-04-14,,,,,,
Rochester,94 Harbor Ave,Rochester Commercial LLC,10156720,0.94,10805021.0,21.55,648301.0,B — High Value,Vision,Strafford,2026-04-14,,,,,,
Epping,242 Industrial Pkwy,Epping Commercial LLC,10136029,0.94,10783010.0,20.34,646981.0,B — High Value,Patriot,Rockingham,2026-04-14,,,,,,
Farmington,23 Corporate Dr,Farmington Commercial LLC,6196340,0.91,6809165.0,23.67,612825.0,B — High Value,Patriot,Strafford,2026-04-14,,,,,,
Plymouth,316 Business Park Rd,Plymouth Commercial LLC,8087268,0.93,8695987.0,21.23,608719.0,B — High Value,Avitar,Grafton,2026-04-14,,,,,,
Epping,461 Market St,Epping Commercial LLC,8562067,0.94,9108582.0,20.34,546515.0,B — High Value,Patriot,Rockingham,2026-04-14,,,,,,
Alton,648 Corporate Dr,Alton Commercial LLC,4805468,0.9,5339409.0,11.25,533941.0,B — High Value,Avitar,Belknap,2026-04-14,,,,,,
Litchfield,864 Industrial Pkwy,Litchfield Commercial LLC,12694402,0.96,13223335.0,19.34,528933.0,B — High Value,Patriot,Hillsborough,2026-04-14,,,,,,
Tilton,705 Harbor Ave,Tilton Commercial LLC,6941237,0.93,7463696.0,19.45,522459.0,B — High Value,Avitar,Belknap,2026-04-14,,,,,,
Litchfield,900 Business Park Rd,Litchfield Commercial LLC,12417063,0.96,12934441.0,19.34,517378.0,B — High Value,Patriot,Hillsborough,2026-04-14,,,,,,
Madbury,957 Main St,Madbury Commercial LLC,7987696,0.94,8497549.0,19.56,509853.0,B — High Value,Avitar,Strafford,2026-04-14,,,,,,
Madbury,216 Industrial Pkwy,Madbury Commercial LLC,7894287,0.94,8398178.0,19.56,503891.0,B — High Value,Avitar,Strafford,2026-04-14,,,,,,
Fremont,961 Harbor Ave,Fremont Commercial LLC,5658571,0.92,6150621.0,21.45,492050.0,B — High Value,Patriot,Rockingham,2026-04-14,,,,,,
Plymouth,176 Commerce Dr,Plymouth Commercial LLC,6280772,0.93,6753518.0,21.23,472746.0,B — High Value,Avitar,Grafton,2026-04-14,,,,,,
Bristol,407 Main St,Bristol Commercial LLC,5276106,0.92,5734898.0,19.78,458792.0,B — High Value,Avitar,Grafton,2026-04-14,,,,,,
Northfield,692 Commerce Dr,Northfield Commercial LLC,4079600,0.91,4483077.0,22.34,403477.0,B — High Value,Vision,Merrimack,2026-04-14,,,,,,
Epping,119 Business Park Rd,Epping Commercial LLC,6314692,0.94,6717757.0,20.34,403065.0,B — High Value,Patriot,Rockingham,2026-04-14,,,,,,
Lancaster,744 Industrial Pkwy,Lancaster Commercial LLC,4059622,0.91,4461123.0,27.34,401501.0,B — High Value,Avitar,Coos,2026-04-14,,,,,,
Henniker,128 Corporate Dr,Henniker Commercial LLC,4014929,0.91,4412010.0,23.56,397081.0,B — High Value,Avitar,Merrimack,2026-04-14,,,,,,
Lancaster,676 Main St,Lancaster Commercial LLC,3876031,0.91,4259375.0,27.34,383344.0,B — High Value,Avitar,Coos,2026-04-14,,,,,,
Madbury,497 Technology Dr,Madbury Commercial LLC,5977590,0.94,6359138.0,19.56,381548.0,B — High Value,Avitar,Strafford,2026-04-14,,,,,,
Tilton,210 Commerce Dr,Tilton Commercial LLC,5042999,0.93,5422580.0,19.45,379581.0,B — High Value,Avitar,Belknap,2026-04-14,,,,,,
Rochester,453 Market St,Rochester Commercial LLC,5288627,0.94,5626199.0,21.55,337572.0,B — High Value,Vision,Strafford,2026-04-14,,,,,,
Wakefield,459 Industrial Pkwy,Wakefield Commercial LLC,12309205,0.89,13830567.0,15.23,1521362.0,C — Monitor,Avitar,Carroll,2026-04-14,,,,,,
Northumberland,753 Commerce Dr,Northumberland Commercial LLC,9767528,0.87,11227044.0,24.67,1459516.0,C — Monitor,Avitar,Coos,2026-04-14,,,,,,
Strafford,229 Harbor Ave,Strafford Commercial LLC,12872232,0.9,14302480.0,19.45,1430248.0,C — Monitor,Patriot,Strafford,2026-04-14,,,,,,
Winchester,865 Commerce Dr,Winchester Commercial LLC,12631739,0.9,14035266.0,23.12,1403527.0,C — Monitor,Avitar,Cheshire,2026-04-14,,,,,,
Clarksville,360 Main St,Clarksville Commercial LLC,6352252,0.82,7746649.0,12.34,1394397.0,C — Monitor,Avitar,Coos,2026-04-14,,,,,,
Gorham,364 Business Park Rd,Gorham Commercial LLC,11104789,0.89,12477291.0,29.45,1372502.0,C — Monitor,Avitar,Coos,2026-04-14,,,,,,
New Durham,814 Market St,New Durham Commercial LLC,10904294,0.89,12252016.0,18.67,1347722.0,C — Monitor,Avitar,Strafford,2026-04-14,,,,,,
Weare,411 Technology Dr,Weare Commercial LLC,13288100,0.91,14602308.0,22.34,1314208.0,C — Monitor,Patriot,Hillsborough,2026-04-14,,,,,,
Conway,149 Business Park Rd,Conway Commercial LLC,13195758,0.91,14500833.0,12.45,1305075.0,C — Monitor,Patriot,Carroll,2026-04-14,,,,,,
Wakefield,869 Industrial Pkwy,Wakefield Commercial LLC,10552975,0.89,11857275.0,15.23,1304300.0,C — Monitor,Avitar,Carroll,2026-04-14,,,,,,
Walpole,208 Industrial Pkwy,Walpole Commercial LLC,14950571,0.92,16250621.0,21.23,1300050.0,C — Monitor,Avitar,Cheshire,2026-04-14,,,,,,
Loudon,838 Main St,Loudon Commercial LLC,14875732,0.92,16169274.0,21.45,1293542.0,C — Monitor,Patriot,Merrimack,2026-04-14,,,,,,
Barrington,396 Corporate Dr,Barrington Commercial LLC,14613795,0.92,15884560.0,21.34,1270765.0,C — Monitor,Patriot,Strafford,2026-04-14,,,,,,
Northwood,28 Commerce Dr,Northwood Commercial LLC,12810404,0.91,14077367.0,21.23,1266963.0,C — Monitor,Patriot,Rockingham,2026-04-14,,,,,,
Weare,196 Harbor Ave,Weare Commercial LLC,12803005,0.91,14069236.0,22.34,1266231.0,C — Monitor,Patriot,Hillsborough,2026-04-14,,,,,,
Winchester,589 Market St,Winchester Commercial LLC,11388512,0.9,12653902.0,23.12,1265390.0,C — Monitor,Avitar,Cheshire,2026-04-14,,,,,,
Epsom,689 Corporate Dr,Epsom Commercial LLC,12771802,0.91,14034947.0,21.78,1263145.0,C — Monitor,Patriot,Merrimack,2026-04-14,,,,,,
Winchester,745 Corporate Dr,Winchester Commercial LLC,11284960,0.9,12538844.0,23.12,1253884.0,C — Monitor,Avitar,Cheshire,2026-04-14,,,,,,
Newport,949 Harbor Ave,Newport Commercial LLC,12659072,0.91,13911068.0,26.78,1251996.0,C — Monitor,Avitar,Sullivan,2026-04-14,,,,,,
Warner,387 Corporate Dr,Warner Commercial LLC,12607366,0.91,13854248.0,21.23,1246882.0,C — Monitor,Avitar,Merrimack,2026-04-14,,,,,,
Wakefield,382 Market St,Wakefield Commercial LLC,10064400,0.89,11308315.0,15.23,1243915.0,C — Monitor,Avitar,Carroll,2026-04-14,,,,,,
Keene,822 Industrial Pkwy,Keene Commercial LLC,12538555,0.91,13778632.0,28.44,1240077.0,C — Monitor,Avitar,Cheshire,2026-04-14,,,,,,
Weare,478 Technology Dr,Weare Commercial LLC,12496563,0.91,13732487.0,22.34,1235924.0,C — Monitor,Patriot,Hillsborough,2026-04-14,,,,,,
Swanzey,42 Main St,Swanzey Commercial LLC,12451244,0.91,13682686.0,24.34,1231442.0,C — Monitor,Patriot,Cheshire,2026-04-14,,,,,,
Loudon,26 Market St,Loudon Commercial LLC,14145552,0.92,15375600.0,21.45,1230048.0,C — Monitor,Patriot,Merrimack,2026-04-14,,,,,,
Conway,233 Main St,Conway Commercial LLC,12246766,0.91,13457985.0,12.45,1211219.0,C — Monitor,Patriot,Carroll,2026-04-14,,,,,,
Deerfield,704 Industrial Pkwy,Deerfield Commercial LLC,12179875,0.91,13384478.0,21.67,1204603.0,C — Monitor,Patriot,Rockingham,2026-04-14,,,,,,
New Durham,608 Industrial Pkwy,New Durham Commercial LLC,9733215,0.89,10936197.0,18.67,1202982.0,C — Monitor,Avitar,Strafford,2026-04-14,,,,,,
New Durham,477 Harbor Ave,New Durham Commercial LLC,9714301,0.89,10914945.0,18.67,1200644.0,C — Monitor,Avitar,Strafford,2026-04-14,,,,,,
Colebrook,141 Harbor Ave,Colebrook Commercial LLC,8768927,0.88,9964690.0,26.78,1195763.0,C — Monitor,Avitar,Coos,2026-04-14,,,,,,
Claremont,662 Commerce Dr,Claremont Commercial LLC,13580030,0.92,14760902.0,35.78,1180872.0,C — Monitor,Avitar,Sullivan,2026-04-14,,,,,,
Loudon,249 Technology Dr,Loudon Commercial LLC,13509081,0.92,14683784.0,21.45,1174703.0,C — Monitor,Patriot,Merrimack,2026-04-14,,,,,,
Gorham,867 Market St,Gorham Commercial LLC,9429611,0.89,10595069.0,29.45,1165458.0,C — Monitor,Avitar,Coos,2026-04-14,,,,,,
Chichester,1 Industrial Pkwy,Chichester Commercial LLC,11693670,0.91,12850187.0,22.89,1156517.0,C — Monitor,Patriot,Merrimack,2026-04-14,,,,,,
Newport,399 Main St,Newport Commercial LLC,11555080,0.91,12697890.0,26.78,1142810.0,C — Monitor,Avitar,Sullivan,2026-04-14,,,,,,
Epsom,217 Harbor Ave,Epsom Commercial LLC,11523838,0.91,12663558.0,21.78,1139720.0,C — Monitor,Patriot,Merrimack,2026-04-14,,,,,,
Epsom,779 Corporate Dr,Epsom Commercial LLC,11501424,0.91,12638927.0,21.78,1137503.0,C — Monitor,Patriot,Merrimack,2026-04-14,,,,,,
Epsom,146 Business Park Rd,Epsom Commercial LLC,11416320,0.91,12545407.0,21.78,1129087.0,C — Monitor,Patriot,Merrimack,2026-04-14,,,,,,
Epsom,823 Harbor Ave,Epsom Commercial LLC,11389012,0.91,12515398.0,21.78,1126386.0,C — Monitor,Patriot,Merrimack,2026-04-14,,,,,,
Swanzey,800 Industrial Pkwy,Swanzey Commercial LLC,11351245,0.91,12473896.0,24.34,1122651.0,C — Monitor,Patriot,Cheshire,2026-04-14,,,,,,
Danville,648 Commerce Dr,Danville Commercial LLC,14858009,0.93,15976354.0,20.45,1118345.0,C — Monitor,Patriot,Rockingham,2026-04-14,,,,,,
Candia,339 Business Park Rd,Candia Commercial LLC,14851173,0.93,15969003.0,20.23,1117830.0,C — Monitor,Patriot,Rockingham,2026-04-14,,,,,,
Walpole,953 Corporate Dr,Walpole Commercial LLC,12799314,0.92,13912298.0,21.23,1112984.0,C — Monitor,Avitar,Cheshire,2026-04-14,,,,,,
Claremont,180 Harbor Ave,Claremont Commercial LLC,12766854,0.92,13877015.0,35.78,1110161.0,C — Monitor,Avitar,Sullivan,2026-04-14,,,,,,
Kingston,95 Industrial Pkwy,Kingston Commercial LLC,14746127,0.93,15856051.0,19.34,1109924.0,C — Monitor,Patriot,Rockingham,2026-04-14,,,,,,
Sunapee,675 Business Park Rd,Sunapee Commercial LLC,12763180,0.92,13873022.0,13.45,1109842.0,C — Monitor,Avitar,Sullivan,2026-04-14,,,,,,
Keene,149 Industrial Pkwy,Keene Commercial LLC,10917596,0.91,11997358.0,28.44,1079762.0,C — Monitor,Avitar,Cheshire,2026-04-14,,,,,,
Tuftonboro,797 Corporate Dr,Tuftonboro Commercial LLC,10906166,0.91,11984798.0,9.45,1078632.0,C — Monitor,Avitar,Carroll,2026-04-14,,,,,,
Weare,646 Industrial Pkwy,Weare Commercial LLC,10905477,0.91,11984041.0,22.34,1078564.0,C — Monitor,Patriot,Hillsborough,2026-04-14,,,,,,
Milton,223 Harbor Ave,Milton Commercial LLC,9691409,0.9,10768232.0,21.78,1076823.0,C — Monitor,Avitar,Strafford,2026-04-14,,,,,,
Hopkinton,98 Commerce Dr,Hopkinton Commercial LLC,14248945,0.93,15321446.0,22.12,1072501.0,C — Monitor,Patriot,Merrimack,2026-04-14,,,,,,
Hillsborough,922 Corporate Dr,Hillsborough Commercial LLC,12317776,0.92,13388887.0,24.78,1071111.0,C — Monitor,Avitar,Hillsborough,2026-04-14,,,,,,
Strafford,995 Industrial Pkwy,Strafford Commercial LLC,9638155,0.9,10709061.0,19.45,1070906.0,C — Monitor,Patriot,Strafford,2026-04-14,,,,,,
Lyme,102 Commerce Dr,Lyme Commercial LLC,14226589,0.93,15297408.0,17.56,1070819.0,C — Monitor,Avitar,Grafton,2026-04-14,,,,,,
Walpole,163 Business Park Rd,Walpole Commercial LLC,12308092,0.92,13378361.0,21.23,1070269.0,C — Monitor,Avitar,Cheshire,2026-04-14,,,,,,
Franconia,54 Main St,Franconia Commercial LLC,8579079,0.89,9639415.0,13.89,1060336.0,C — Monitor,Avitar,Grafton,2026-04-14,,,,,,
Gorham,158 Business Park Rd,Gorham Commercial LLC,8499593,0.89,9550104.0,29.45,1050511.0,C — Monitor,Avitar,Coos,2026-04-14,,,,,,
Kingston,138 Business Park Rd,Kingston Commercial LLC,13918787,0.93,14966438.0,19.34,1047651.0,C — Monitor,Patriot,Rockingham,2026-04-14,,,,,,
Lyme,108 Market St,Lyme Commercial LLC,13912996,0.93,14960211.0,17.56,1047215.0,C — Monitor,Avitar,Grafton,2026-04-14,,,,,,
Northwood,273 Technology Dr,Northwood Commercial LLC,10587768,0.91,11634910.0,21.23,1047142.0,C — Monitor,Patriot,Rockingham,2026-04-14,,,,,,
Danville,408 Market St,Danville Commercial LLC,13873803,0.93,14918068.0,20.45,1044265.0,C — Monitor,Patriot,Rockingham,2026-04-14,,,,,,
Sunapee,414 Technology Dr,Sunapee Commercial LLC,11989138,0.92,13031672.0,13.45,1042534.0,C — Monitor,Avitar,Sullivan,2026-04-14,,,,,,
Pembroke,613 Harbor Ave,Pembroke Commercial LLC,13848680,0.93,14891054.0,21.89,1042374.0,C — Monitor,Patriot,Merrimack,2026-04-14,,,,,,
Hillsborough,455 Commerce Dr,Hillsborough Commercial LLC,11960820,0.92,13000891.0,24.78,1040071.0,C — Monitor,Avitar,Hillsborough,2026-04-14,,,,,,
Sunapee,46 Industrial Pkwy,Sunapee Commercial LLC,11877580,0.92,12910413.0,13.45,1032833.0,C — Monitor,Avitar,Sullivan,2026-04-14,,,,,,
Danville,971 Market St,Danville Commercial LLC,13641336,0.93,14668103.0,20.45,1026767.0,C — Monitor,Patriot,Rockingham,2026-04-14,,,,,,
Whitefield,734 Harbor Ave,Whitefield Commercial LLC,7525208,0.88,8551373.0,22.78,1026165.0,C — Monitor,Avitar,Coos,2026-04-14,,,,,,
Peterborough,952 Industrial Pkwy,Peterborough Commercial LLC,13569320,0.93,14590667.0,24.89,1021347.0,C — Monitor,Avitar,Hillsborough,2026-04-14,,,,,,
Peterborough,998 Corporate Dr,Peterborough Commercial LLC,13493666,0.93,14509318.0,24.89,1015652.0,C — Monitor,Avitar,Hillsborough,2026-04-14,,,,,,
Franconia,979 Harbor Ave,Franconia Commercial LLC,8211593,0.89,9226509.0,13.89,1014916.0,C — Monitor,Avitar,Grafton,2026-04-14,,,,,,
Newton,883 Technology Dr,Newton Commercial LLC,13466615,0.93,14480231.0,20.67,1013616.0,C — Monitor,Patriot,Rockingham,2026-04-14,,,,,,
Northumberland,47 Technology Dr,Northumberland Commercial LLC,6743797,0.87,7751491.0,24.67,1007694.0,C — Monitor,Avitar,Coos,2026-04-14,,,,,,
Epsom,99 Technology Dr,Epsom Commercial LLC,10153768,0.91,11157987.0,21.78,1004219.0,C — Monitor,Patriot,Merrimack,2026-04-14,,,,,,
Hopkinton,335 Market St,Hopkinton Commercial LLC,13320855,0.93,14323500.0,22.12,1002645.0,C — Monitor,Patriot,Merrimack,2026-04-14,,,,,,
Colebrook,891 Business Park Rd,Colebrook Commercial LLC,7327858,0.88,8327111.0,26.78,999253.0,C — Monitor,Avitar,Coos,2026-04-14,,,,,,
Loudon,813 Industrial Pkwy,Loudon Commercial LLC,11480473,0.92,12478775.0,21.45,998302.0,C — Monitor,Patriot,Merrimack,2026-04-14,,,,,,
Walpole,985 Main St,Walpole Commercial LLC,11296877,0.92,12279214.0,21.23,982337.0,C — Monitor,Avitar,Cheshire,2026-04-14,,,,,,
Weare,550 Main St,Weare Commercial LLC,9867100,0.91,10842967.0,22.34,975867.0,C — Monitor,Patriot,Hillsborough,2026-04-14,,,,,,
Charlestown,939 Industrial Pkwy,Charlestown Commercial LLC,7856447,0.89,8827469.0,24.56,971022.0,C — Monitor,Avitar,Sullivan,2026-04-14,,,,,,
Franconia,391 Corporate Dr,Franconia Commercial LLC,7846769,0.89,8816594.0,13.89,969825.0,C — Monitor,Avitar,Grafton,2026-04-14,,,,,,
Danville,259 Business Park Rd,Danville Commercial LLC,12805685,0.93,13769554.0,20.45,963869.0,C — Monitor,Patriot,Rockingham,2026-04-14,,,,,,
Strafford,606 Technology Dr,Strafford Commercial LLC,8672354,0.9,9635949.0,19.45,963595.0,C — Monitor,Patriot,Strafford,2026-04-14,,,,,,
Chichester,829 Technology Dr,Chichester Commercial LLC,9742471,0.91,10706012.0,22.89,963541.0,C — Monitor,Patriot,Merrimack,2026-04-14,,,,,,
Strafford,379 Harbor Ave,Strafford Commercial LLC,8655378,0.9,9617087.0,19.45,961709.0,C — Monitor,Patriot,Strafford,2026-04-14,,,,,,
Barrington,99 Market St,Barrington Commercial LLC,10990340,0.92,11946022.0,21.34,955682.0,C — Monitor,Patriot,Strafford,2026-04-14,,,,,,
Rollinsford,40 Industrial Pkwy,Rollinsford Commercial LLC,12598817,0.93,13547115.0,20.34,948298.0,C — Monitor,Avitar,Strafford,2026-04-14,,,,,,
Charlestown,386 Technology Dr,Charlestown Commercial LLC,7661029,0.89,8607898.0,24.56,946869.0,C — Monitor,Avitar,Sullivan,2026-04-14,,,,,,
Wolfeboro,877 Business Park Rd,Wolfeboro Commercial LLC,14606243,0.94,15538556.0,11.78,932313.0,C — Monitor,Patriot,Carroll,2026-04-14,,,,,,
Laconia,764 Industrial Pkwy,Laconia Commercial LLC,7506259,0.89,8433999.0,18.92,927740.0,C — Monitor,Vision,Belknap,2026-04-14,,,,,,
Brentwood,634 Corporate Dr,Brentwood Commercial LLC,14398366,0.94,15317411.0,19.56,919045.0,C — Monitor,Patriot,Rockingham,2026-04-14,,,,,,
Center Harbor,117 Commerce Dr,Center Harbor Commercial LLC,14311416,0.94,15224911.0,10.12,913495.0,C — Monitor,Avitar,Belknap,2026-04-14,,,,,,
Candia,946 Industrial Pkwy,Candia Commercial LLC,12106824,0.93,13018090.0,20.23,911266.0,C — Monitor,Patriot,Rockingham,2026-04-14,,,,,,
Moultonborough,527 Business Park Rd,Moultonborough Commercial LLC,12084966,0.93,12994587.0,8.23,909621.0,C — Monitor,Avitar,Carroll,2026-04-14,,,,,,
Lee,365 Industrial Pkwy,Lee Commercial LLC,12068026,0.93,12976372.0,20.89,908346.0,C — Monitor,Avitar,Strafford,2026-04-14,,,,,,
Laconia,864 Technology Dr,Laconia Commercial LLC,7336787,0.89,8243581.0,18.92,906794.0,C — Monitor,Vision,Belknap,2026-04-14,,,,,,
Raymond,790 Corporate Dr,Raymond Commercial LLC,11929860,0.93,12827806.0,21.56,897946.0,C — Monitor,Vision,Rockingham,2026-04-14,,,,,,
Candia,517 Corporate Dr,Candia Commercial LLC,11905921,0.93,12802066.0,20.23,896145.0,C — Monitor,Patriot,Rockingham,2026-04-14,,,,,,
Sunapee,700 Business Park Rd,Sunapee Commercial LLC,10281505,0.92,11175549.0,13.45,894044.0,C — Monitor,Avitar,Sullivan,2026-04-14,,,,,,
Chester,70 Market St,Chester Commercial LLC,14003683,0.94,14897535.0,19.78,893852.0,C — Monitor,Patriot,Rockingham,2026-04-14,,,,,,
Newport,302 Business Park Rd,Newport Commercial LLC,8954878,0.91,9840525.0,26.78,885647.0,C — Monitor,Avitar,Sullivan,2026-04-14,,,,,,
Newport,845 Commerce Dr,Newport Commercial LLC,8927997,0.91,9810986.0,26.78,882989.0,C — Monitor,Avitar,Sullivan,2026-04-14,,,,,,
New Boston,894 Commerce Dr,New Boston Commercial LLC,10152747,0.92,11035595.0,20.34,882848.0,C — Monitor,Avitar,Hillsborough,2026-04-14,,,,,,
Laconia,346 Industrial Pkwy,Laconia Commercial LLC,7135314,0.89,8017207.0,18.92,881893.0,C — Monitor,Vision,Belknap,2026-04-14,,,,,,
Brentwood,144 Main St,Brentwood Commercial LLC,13808470,0.94,14689862.0,19.56,881392.0,C — Monitor,Patriot,Rockingham,2026-04-14,,,,,,
Winchester,90 Harbor Ave,Winchester Commercial LLC,7873062,0.9,8747847.0,23.12,874785.0,C — Monitor,Avitar,Cheshire,2026-04-14,,,,,,
Clarksville,148 Harbor Ave,Clarksville Commercial LLC,3967344,0.82,4838224.0,12.34,870880.0,C — Monitor,Avitar,Coos,2026-04-14,,,,,,
Franconia,759 Industrial Pkwy,Franconia Commercial LLC,7043064,0.89,7913555.0,13.89,870491.0,C — Monitor,Avitar,Grafton,2026-04-14,,,,,,
Wilton,214 Industrial Pkwy,Wilton Commercial LLC,9996746,0.92,10866028.0,23.45,869282.0,C — Monitor,Avitar,Hillsborough,2026-04-14,,,,,,
Conway,672 Corporate Dr,Conway Commercial LLC,8747372,0.91,9612497.0,12.45,865125.0,C — Monitor,Patriot,Carroll,2026-04-14,,,,,,
Peterborough,357 Commerce Dr,Peterborough Commercial LLC,11423309,0.93,12283128.0,24.89,859819.0,C — Monitor,Avitar,Hillsborough,2026-04-14,,,,,,
Pembroke,470 Commerce Dr,Pembroke Commercial LLC,11376430,0.93,12232720.0,21.89,856290.0,C — Monitor,Patriot,Merrimack,2026-04-14,,,,,,
Nottingham,580 Commerce Dr,Nottingham Commercial LLC,8642264,0.91,9496993.0,20.89,854729.0,C — Monitor,Patriot,Rockingham,2026-04-14,,,,,,
Wolfeboro,305 Business Park Rd,Wolfeboro Commercial LLC,13379691,0.94,14233714.0,11.78,854023.0,C — Monitor,Avitar,Carroll,2026-04-14,,,,,,
Brookline,9 Commerce Dr,Brookline Commercial LLC,13164811,0.94,14005118.0,20.34,840307.0,C — Monitor,Patriot,Hillsborough,2026-04-14,,,,,,
Winchester,936 Business Park Rd,Winchester Commercial LLC,7530889,0.9,8367654.0,23.12,836765.0,C — Monitor,Avitar,Cheshire,2026-04-14,,,,,,
Sandown,113 Market St,Sandown Commercial LLC,11040979,0.93,11872020.0,20.34,831041.0,C — Monitor,Patriot,Rockingham,2026-04-14,,,,,,
Chichester,505 Technology Dr,Chichester Commercial LLC,8304509,0.91,9125834.0,22.89,821325.0,C — Monitor,Patriot,Merrimack,2026-04-14,,,,,,
Warner,693 Business Park Rd,Warner Commercial LLC,8150635,0.91,8956742.0,21.23,806107.0,C — Monitor,Avitar,Merrimack,2026-04-14,,,,,,
Whitefield,831 Harbor Ave,Whitefield Commercial LLC,5874299,0.88,6675340.0,22.78,801041.0,C — Monitor,Avitar,Coos,2026-04-14,,,,,,
Peterborough,89 Main St,Peterborough Commercial LLC,10635836,0.93,11436383.0,24.89,800547.0,C — Monitor,Avitar,Hillsborough,2026-04-14,,,,,,
Barrington,265 Technology Dr,Barrington Commercial LLC,9197323,0.92,9997090.0,21.34,799767.0,C — Monitor,Patriot,Strafford,2026-04-14,,,,,,
Tuftonboro,948 Corporate Dr,Tuftonboro Commercial LLC,8068002,0.91,8865936.0,9.45,797934.0,C — Monitor,Avitar,Carroll,2026-04-14,,,,,,
Franconia,643 Business Park Rd,Franconia Commercial LLC,6448678,0.89,7245706.0,13.89,797028.0,C — Monitor,Avitar,Grafton,2026-04-14,,,,,,
Franconia,443 Technology Dr,Franconia Commercial LLC,6438550,0.89,7234326.0,13.89,795776.0,C — Monitor,Avitar,Grafton,2026-04-14,,,,,,
Winchester,92 Market St,Winchester Commercial LLC,7158549,0.9,7953943.0,23.12,795394.0,C — Monitor,Avitar,Cheshire,2026-04-14,,,,,,
Franklin,915 Market St,Franklin Commercial LLC,10507324,0.93,11298198.0,28.34,790874.0,C — Monitor,Avitar,Merrimack,2026-04-14,,,,,,
Chichester,58 Market St,Chichester Commercial LLC,7984445,0.91,8774115.0,22.89,789670.0,C — Monitor,Patriot,Merrimack,2026-04-14,,,,,,
Raymond,189 Technology Dr,Raymond Commercial LLC,10474447,0.93,11262846.0,21.56,788399.0,C — Monitor,Vision,Rockingham,2026-04-14,,,,,,
Tuftonboro,29 Industrial Pkwy,Tuftonboro Commercial LLC,7936710,0.91,8721659.0,9.45,784949.0,C — Monitor,Avitar,Carroll,2026-04-14,,,,,,
Newton,78 Business Park Rd,Newton Commercial LLC,10413718,0.93,11197546.0,20.67,783828.0,C — Monitor,Patriot,Rockingham,2026-04-14,,,,,,
Wilton,401 Market St,Wilton Commercial LLC,8973544,0.92,9753852.0,23.45,780308.0,C — Monitor,Avitar,Hillsborough,2026-04-14,,,,,,
Swanzey,503 Commerce Dr,Swanzey Commercial LLC,7883680,0.91,8663385.0,24.34,779705.0,C — Monitor,Patriot,Cheshire,2026-04-14,,,,,,
Newmarket,525 Market St,Newmarket Commercial LLC,12185687,0.94,12963497.0,21.45,777810.0,C — Monitor,Vision,Rockingham,2026-04-14,,,,,,
Hillsborough,634 Harbor Ave,Hillsborough Commercial LLC,8927613,0.92,9703927.0,24.78,776314.0,C — Monitor,Avitar,Hillsborough,2026-04-14,,,,,,
Pittsfield,40 Main St,Pittsfield Commercial LLC,6978702,0.9,7754113.0,24.56,775411.0,C — Monitor,Avitar,Merrimack,2026-04-14,,,,,,
Chester,39 Harbor Ave,Chester Commercial LLC,12137682,0.94,12912428.0,19.78,774746.0,C — Monitor,Patriot,Rockingham,2026-04-14,,,,,,
Whitefield,521 Harbor Ave,Whitefield Commercial LLC,5655971,0.88,6427240.0,22.78,771269.0,C — Monitor,Avitar,Coos,2026-04-14,,,,,,
Lee,491 Main St,Lee Commercial LLC,10240947,0.93,11011771.0,20.89,770824.0,C — Monitor,Avitar,Strafford,2026-04-14,,,,,,
Strafford,725 Corporate Dr,Strafford Commercial LLC,6925282,0.9,7694758.0,19.45,769476.0,C — Monitor,Patriot,Strafford,2026-04-14,,,,,,
Plaistow,710 Harbor Ave,Plaistow Commercial LLC,14495700,0.95,15258632.0,19.45,762932.0,C — Monitor,Patriot,Rockingham,2026-04-14,,,,,,
Moultonborough,982 Main St,Moultonborough Commercial LLC,10132508,0.93,10895170.0,8.23,762662.0,C — Monitor,Avitar,Carroll,2026-04-14,,,,,,
Brookline,174 Corporate Dr,Brookline Commercial LLC,11914438,0.94,12674934.0,20.34,760496.0,C — Monitor,Patriot,Hillsborough,2026-04-14,,,,,,
Kingston,111 Main St,Kingston Commercial LLC,10063410,0.93,10820871.0,19.34,757461.0,C — Monitor,Patriot,Rockingham,2026-04-14,,,,,,
Center Harbor,137 Commerce Dr,Center Harbor Commercial LLC,11856884,0.94,12613706.0,10.12,756822.0,C — Monitor,Avitar,Belknap,2026-04-14,,,,,,
Walpole,591 Industrial Pkwy,Walpole Commercial LLC,8644807,0.92,9396529.0,21.23,751722.0,C — Monitor,Avitar,Cheshire,2026-04-14,,,,,,
Milford,497 Harbor Ave,Milford Commercial LLC,14275612,0.95,15026960.0,21.45,751348.0,C — Monitor,Vision,Hillsborough,2026-04-14,,,,,,
Danville,540 Market St,Danville Commercial LLC,9978737,0.93,10729825.0,20.45,751088.0,C — Monitor,Patriot,Rockingham,2026-04-14,,,,,,
Plaistow,40 Corporate Dr,Plaistow Commercial LLC,14242014,0.95,14991594.0,19.45,749580.0,C — Monitor,Patriot,Rockingham,2026-04-14,,,,,,
Deerfield,145 Main St,Deerfield Commercial LLC,7578238,0.91,8327734.0,21.67,749496.0,C — Monitor,Patriot,Rockingham,2026-04-14,,,,,,
Lyme,613 Market St,Lyme Commercial LLC,9867218,0.93,10609912.0,17.56,742694.0,C — Monitor,Avitar,Grafton,2026-04-14,,,,,,
Derry,41 Corporate Dr,Derry Commercial LLC,14002348,0.95,14739314.0,19.86,736966.0,C — Monitor,Vision,Rockingham,2026-04-14,,,,,,
Pittsfield,955 Commerce Dr,Pittsfield Commercial LLC,6597706,0.9,7330784.0,24.56,733078.0,C — Monitor,Avitar,Merrimack,2026-04-14,,,,,,
Chester,91 Commerce Dr,Chester Commercial LLC,11415398,0.94,12144040.0,19.78,728642.0,C — Monitor,Patriot,Rockingham,2026-04-14,,,,,,
Sunapee,17 Business Park Rd,Sunapee Commercial LLC,8371112,0.92,9099035.0,13.45,727923.0,C — Monitor,Avitar,Sullivan,2026-04-14,,,,,,
Ossipee,850 Harbor Ave,Ossipee Commercial LLC,4829553,0.87,5551210.0,14.56,721657.0,C — Monitor,Avitar,Carroll,2026-04-14,,,,,,
Plaistow,759 Industrial Pkwy,Plaistow Commercial LLC,13609800,0.95,14326105.0,19.45,716305.0,C — Monitor,Patriot,Rockingham,2026-04-14,,,,,,
Milton,995 Commerce Dr,Milton Commercial LLC,6433382,0.9,7148202.0,21.78,714820.0,C — Monitor,Avitar,Strafford,2026-04-14,,,,,,
Goffstown,798 Harbor Ave,Goffstown Commercial LLC,13511699,0.95,14222841.0,22.34,711142.0,C — Monitor,Vision,Hillsborough,2026-04-14,,,,,,
Milton,615 Main St,Milton Commercial LLC,6395049,0.9,7105610.0,21.78,710561.0,C — Monitor,Avitar,Strafford,2026-04-14,,,,,,
New London,176 Technology Dr,New London Commercial LLC,11073461,0.94,11780278.0,15.78,706817.0,C — Monitor,Vision,Merrimack,2026-04-14,,,,,,
Chichester,117 Harbor Ave,Chichester Commercial LLC,7035493,0.91,7731311.0,22.89,695818.0,C — Monitor,Patriot,Merrimack,2026-04-14,,,,,,
Raymond,634 Main St,Raymond Commercial LLC,9095929,0.93,9780569.0,21.56,684640.0,C — Monitor,Vision,Rockingham,2026-04-14,,,,,,
Danville,513 Corporate Dr,Danville Commercial LLC,9081950,0.93,9765538.0,20.45,683588.0,C — Monitor,Patriot,Rockingham,2026-04-14,,,,,,
Rollinsford,289 Harbor Ave,Rollinsford Commercial LLC,9026988,0.93,9706439.0,20.34,679451.0,C — Monitor,Avitar,Strafford,2026-04-14,,,,,,
Pembroke,320 Commerce Dr,Pembroke Commercial LLC,8952793,0.93,9626659.0,21.89,673866.0,C — Monitor,Patriot,Merrimack,2026-04-14,,,,,,
Newton,666 Harbor Ave,Newton Commercial LLC,8914988,0.93,9586009.0,20.67,671021.0,C — Monitor,Patriot,Rockingham,2026-04-14,,,,,,
Wolfeboro,902 Main St,Wolfeboro Commercial LLC,10258746,0.94,10913560.0,11.78,654814.0,C — Monitor,Avitar,Carroll,2026-04-14,,,,,,
Franklin,330 Technology Dr,Franklin Commercial LLC,8511174,0.93,9151800.0,28.34,640626.0,C — Monitor,Avitar,Merrimack,2026-04-14,,,,,,
New Boston,170 Commerce Dr,New Boston Commercial LLC,7317922,0.92,7954263.0,20.34,636341.0,C — Monitor,Avitar,Hillsborough,2026-04-14,,,,,,
Pittsfield,332 Commerce Dr,Pittsfield Commercial LLC,5710241,0.9,6344712.0,24.56,634471.0,C — Monitor,Avitar,Merrimack,2026-04-14,,,,,,
Keene,693 Market St,Keene Commercial LLC,6296050,0.91,6918736.0,28.44,622686.0,C — Monitor,Avitar,Cheshire,2026-04-14,,,,,,
Milton,98 Industrial Pkwy,Milton Commercial LLC,5547500,0.9,6163889.0,21.78,616389.0,C — Monitor,Avitar,Strafford,2026-04-14,,,,,,
Newport,805 Corporate Dr,Newport Commercial LLC,6188729,0.91,6800801.0,26.78,612072.0,C — Monitor,Avitar,Sullivan,2026-04-14,,,,,,
Danville,784 Business Park Rd,Danville Commercial LLC,8122783,0.93,8734175.0,20.45,611392.0,C — Monitor,Patriot,Rockingham,2026-04-14,,,,,,
Weare,517 Industrial Pkwy,Weare Commercial LLC,6177993,0.91,6789003.0,22.34,611010.0,C — Monitor,Patriot,Hillsborough,2026-04-14,,,,,,
Tuftonboro,79 Business Park Rd,Tuftonboro Commercial LLC,6177326,0.91,6788270.0,9.45,610944.0,C — Monitor,Avitar,Carroll,2026-04-14,,,,,,
Charlestown,537 Commerce Dr,Charlestown Commercial LLC,4898739,0.89,5504201.0,24.56,605462.0,C — Monitor,Avitar,Sullivan,2026-04-14,,,,,,
Hooksett,220 Harbor Ave,Hooksett Commercial LLC,14506305,0.96,15110734.0,20.67,604429.0,C — Monitor,Vision,Merrimack,2026-04-14,,,,,,
Salem,545 Main St,Salem Commercial LLC,14438459,0.96,15040061.0,15.63,601602.0,C — Monitor,Vision,Rockingham,2026-04-14,,,,,,
Portsmouth,474 Corporate Dr,Portsmouth Commercial LLC,11217316,0.95,11807701.0,14.29,590385.0,C — Monitor,Vision,Rockingham,2026-04-14,,,,,,
Chester,500 Main St,Chester Commercial LLC,9243669,0.94,9833690.0,19.78,590021.0,C — Monitor,Patriot,Rockingham,2026-04-14,,,,,,
Chester,217 Corporate Dr,Chester Commercial LLC,9200646,0.94,9787921.0,19.78,587275.0,C — Monitor,Patriot,Rockingham,2026-04-14,,,,,,
Gorham,115 Main St,Gorham Commercial LLC,4732465,0.89,5317376.0,29.45,584911.0,C — Monitor,Avitar,Coos,2026-04-14,,,,,,
Salem,792 Business Park Rd,Salem Commercial LLC,14037711,0.96,14622616.0,15.63,584905.0,C — Monitor,Vision,Rockingham,2026-04-14,,,,,,
Hollis,207 Corporate Dr,Hollis Commercial LLC,14025302,0.96,14609690.0,18.45,584388.0,C — Monitor,Patriot,Hillsborough,2026-04-14,,,,,,
Concord,872 Market St,Concord Commercial LLC,13946097,0.96,14527184.0,24.36,581087.0,C — Monitor,Vision,Merrimack,2026-04-14,,,,,,
Laconia,326 Business Park Rd,Laconia Commercial LLC,4659066,0.89,5234906.0,18.92,575840.0,C — Monitor,Vision,Belknap,2026-04-14,,,,,,
Barrington,735 Business Park Rd,Barrington Commercial LLC,6621581,0.92,7197371.0,21.34,575790.0,C — Monitor,Patriot,Strafford,2026-04-14,,,,,,
Barrington,367 Business Park Rd,Barrington Commercial LLC,6599865,0.92,7173766.0,21.34,573901.0,C — Monitor,Patriot,Strafford,2026-04-14,,,,,,
Brentwood,693 Commerce Dr,Brentwood Commercial LLC,8851244,0.94,9416217.0,19.56,564973.0,C — Monitor,Patriot,Rockingham,2026-04-14,,,,,,
Wolfeboro,806 Corporate Dr,Wolfeboro Commercial LLC,8813365,0.94,9375920.0,11.78,562555.0,C — Monitor,Patriot,Carroll,2026-04-14,,,,,,
Milton,883 Business Park Rd,Milton Commercial LLC,5035848,0.9,5595387.0,21.78,559539.0,C — Monitor,Avitar,Strafford,2026-04-14,,,,,,
Swanzey,865 Technology Dr,Swanzey Commercial LLC,5562469,0.91,6112603.0,24.34,550134.0,C — Monitor,Patriot,Cheshire,2026-04-14,,,,,,
Barrington,699 Industrial Pkwy,Barrington Commercial LLC,6264908,0.92,6809683.0,21.34,544775.0,C — Monitor,Patriot,Strafford,2026-04-14,,,,,,
Newmarket,825 Market St,Newmarket Commercial LLC,8491590,0.94,9033606.0,21.45,542016.0,C — Monitor,Vision,Rockingham,2026-04-14,,,,,,
Somersworth,642 Market St,Somersworth Commercial LLC,7199591,0.93,7741496.0,25.67,541905.0,C — Monitor,Patriot,Strafford,2026-04-14,,,,,,
Salem,100 Commerce Dr,Salem Commercial LLC,12797444,0.96,13330671.0,15.63,533227.0,C — Monitor,Vision,Rockingham,2026-04-14,,,,,,
Chichester,409 Business Park Rd,Chichester Commercial LLC,5387312,0.91,5920123.0,22.89,532811.0,C — Monitor,Patriot,Merrimack,2026-04-14,,,,,,
Barnstead,127 Commerce Dr,Barnstead Commercial LLC,3890695,0.88,4421244.0,16.43,530549.0,C — Monitor,Avitar,Belknap,2026-04-14,,,,,,
Gilford,525 Business Park Rd,Gilford Commercial LLC,12602083,0.96,13127170.0,12.34,525087.0,C — Monitor,Vision,Belknap,2026-04-14,,,,,,
Chester,445 Market St,Chester Commercial LLC,8146386,0.94,8666368.0,19.78,519982.0,C — Monitor,Patriot,Rockingham,2026-04-14,,,,,,
Seabrook,139 Technology Dr,Seabrook Commercial LLC,12439101,0.96,12957397.0,14.67,518296.0,C — Monitor,Patriot,Rockingham,2026-04-14,,,,,,
Whitefield,894 Market St,Whitefield Commercial LLC,3797968,0.88,4315873.0,22.78,517905.0,C — Monitor,Avitar,Coos,2026-04-14,,,,,,
Franklin,85 Industrial Pkwy,Franklin Commercial LLC,6672214,0.93,7174424.0,28.34,502210.0,C — Monitor,Avitar,Merrimack,2026-04-14,,,,,,
Wolfeboro,994 Commerce Dr,Wolfeboro Commercial LLC,7845710,0.94,8346500.0,11.78,500790.0,C — Monitor,Avitar,Carroll,2026-04-14,,,,,,
Raymond,76 Commerce Dr,Raymond Commercial LLC,6612610,0.93,7110333.0,21.56,497723.0,C — Monitor,Vision,Rockingham,2026-04-14,,,,,,
Portsmouth,58 Technology Dr,Portsmouth Commercial LLC,9319707,0.95,9810218.0,14.29,490511.0,C — Monitor,Vision,Rockingham,2026-04-14,,,,,,
Lee,148 Industrial Pkwy,Lee Commercial LLC,6351278,0.93,6829331.0,20.89,478053.0,C — Monitor,Avitar,Strafford,2026-04-14,,,,,,
Newfields,692 Technology Dr,Newfields Commercial LLC,6982588,0.94,7428285.0,17.56,445697.0,C — Monitor,Patriot,Rockingham,2026-04-14,,,,,,
Sandown,574 Main St,Sandown Commercial LLC,5896818,0.93,6340665.0,20.34,443847.0,C — Monitor,Patriot,Rockingham,2026-04-14,,,,,,
Dover,41 Market St,Dover Commercial LLC,14336697,0.97,14780100.0,19.17,443403.0,C — Monitor,Vision,Strafford,2026-04-14,,,,,,
Merrimack,609 Market St,Merrimack Commercial LLC,14326237,0.97,14769316.0,18.23,443079.0,C — Monitor,Vision,Hillsborough,2026-04-14,,,,,,
Somersworth,10 Corporate Dr,Somersworth Commercial LLC,5863793,0.93,6305154.0,25.67,441361.0,C — Monitor,Patriot,Strafford,2026-04-14,,,,,,
Lebanon,953 Main St,Lebanon Commercial LLC,8251035,0.95,8685300.0,20.45,434265.0,C — Monitor,Vision,Grafton,2026-04-14,,,,,,
Farmington,551 Commerce Dr,Farmington Commercial LLC,4186887,0.91,4600975.0,23.67,414088.0,C — Monitor,Patriot,Strafford,2026-04-14,,,,,,
Amherst,99 Business Park Rd,Amherst Commercial LLC,12551536,0.97,12939728.0,19.23,388192.0,C — Monitor,Patriot,Hillsborough,2026-04-14,,,,,,
Exeter,547 Main St,Exeter Commercial LLC,5121690,0.93,5507194.0,20.14,385504.0,C — Monitor,Vision,Rockingham,2026-04-14,,,,,,
Franklin,78 Business Park Rd,Franklin Commercial LLC,4922135,0.93,5292618.0,28.34,370483.0,C — Monitor,Avitar,Merrimack,2026-04-14,,,,,,
Litchfield,604 Commerce Dr,Litchfield Commercial LLC,8723601,0.96,9087084.0,19.34,363483.0,C — Monitor,Patriot,Hillsborough,2026-04-14,,,,,,
Gilford,485 Technology Dr,Gilford Commercial LLC,8654237,0.96,9014830.0,12.34,360593.0,C — Monitor,Vision,Belknap,2026-04-14,,,,,,
Litchfield,403 Corporate Dr,Litchfield Commercial LLC,8123122,0.96,8461585.0,19.34,338463.0,C — Monitor,Patriot,Hillsborough,2026-04-14,,,,,,
Durham,503 Technology Dr,Durham Commercial LLC,7545583,0.96,7859982.0,18.45,314399.0,C — Monitor,Vision,Strafford,2026-04-14,,,,,,
Henniker,666 Commerce Dr,Henniker Commercial LLC,3116739,0.91,3424988.0,23.56,308249.0,C — Monitor,Avitar,Merrimack,2026-04-14,,,,,,
Durham,805 Industrial Pkwy,Durham Commercial LLC,7142807,0.96,7440424.0,18.45,297617.0,C — Monitor,Vision,Strafford,2026-04-14,,,,,,
Franklin,823 Business Park Rd,Franklin Commercial LLC,3768734,0.93,4052402.0,28.34,283668.0,C — Monitor,Avitar,Merrimack,2026-04-14,,,,,,
Franklin,182 Corporate Dr,Franklin Commercial LLC,3499876,0.93,3763308.0,28.34,263432.0,C — Monitor,Avitar,Merrimack,2026-04-14,,,,,,
Londonderry,881 Commerce Dr,Londonderry Commercial LLC,12907771,0.98,13171195.0,17.91,263424.0,C — Monitor,Vision,Rockingham,2026-04-14,,,,,,
Plymouth,224 Harbor Ave,Plymouth Commercial LLC,3402732,0.93,3658852.0,21.23,256120.0,C — Monitor,Avitar,Grafton,2026-04-14,,,,,,
Sandown,606 Business Park Rd,Sandown Commercial LLC,3387952,0.93,3642959.0,20.34,255007.0,C — Monitor,Patriot,Rockingham,2026-04-14,,,,,,
Gilford,243 Harbor Ave,Gilford Commercial LLC,5959034,0.96,6207327.0,12.34,248293.0,C — Monitor,Vision,Belknap,2026-04-14,,,,,,
Londonderry,968 Market St,Londonderry Commercial LLC,11767088,0.98,12007233.0,17.91,240145.0,C — Monitor,Vision,Rockingham,2026-04-14,,,,,,
Sandown,787 Market St,Sandown Commercial LLC,3064323,0.93,3294971.0,20.34,230648.0,C — Monitor,Patriot,Rockingham,2026-04-14,,,,,,
Epping,921 Commerce Dr,Epping Commercial LLC,3575278,0.94,3803487.0,20.34,228209.0,C — Monitor,Patriot,Rockingham,2026-04-14,,,,,,
Litchfield,946 Corporate Dr,Litchfield Commercial LLC,4950367,0.96,5156632.0,19.34,206265.0,C — Monitor,Patriot,Hillsborough,2026-04-14,,,,,,
Rochester,86 Main St,Rochester Commercial LLC,3144356,0.94,3345060.0,21.55,200704.0,C — Monitor,Vision,Strafford,2026-04-14,,,,,,
Portsmouth,127 Main St,Portsmouth Commercial LLC,3183062,0.95,3350592.0,14.29,167530.0,C — Monitor,Vision,Rockingham,2026-04-14,,,,,,
Gilford,655 Industrial Pkwy,Gilford Commercial LLC,3973548,0.96,4139112.0,12.34,165564.0,C — Monitor,Vision,Belknap,2026-04-14,,,,,,
Londonderry,816 Business Park Rd,Londonderry Commercial LLC,7892306,0.98,8053373.0,17.91,161067.0,C — Monitor,Vision,Rockingham,2026-04-14,,,,,,
Londonderry,920 Market St,Londonderry Commercial LLC,7515488,0.98,7668865.0,17.91,153377.0,C — Monitor,Vision,Rockingham,2026-04-14,,,,,,
Londonderry,152 Harbor Ave,Londonderry Commercial LLC,6674515,0.98,6810730.0,17.91,136215.0,C — Monitor,Vision,Rockingham,2026-04-14,,,,,,
Londonderry,624 Main St,Londonderry Commercial LLC,6504473,0.98,6637217.0,17.91,132744.0,C — Monitor,Vision,Rockingham,2026-04-14,,,,,,
Gilford,682 Corporate Dr,Gilford Commercial LLC,3043585,0.96,3170401.0,12.34,126816.0,C — Monitor,Vision,Belknap,2026-04-14,,,,,,
Londonderry,652 Corporate Dr,Londonderry Commercial LLC,5472189,0.98,5583866.0,17.91,111677.0,C — Monitor,Vision,Rockingham,2026-04-14,,,,,,
Londonderry,9 Main St,Londonderry Commercial LLC,4241082,0.98,4327635.0,17.91,86553.0,C — Monitor,Vision,Rockingham,2026-04-14,,,,,,
Milford,735 Harbor Ave,Milford Commercial LLC,12078552,0.95,12714265.0,21.45,635713.0,D — Low Priority,Vision,Hillsborough,2026-04-14,,,,,,
Milford,99 Market St,Milford Commercial LLC,11503902,0.95,12109371.0,21.45,605469.0,D — Low Priority,Vision,Hillsborough,2026-04-14,,,,,,
Sunapee,295 Commerce Dr,Sunapee Commercial LLC,6761675,0.92,7349647.0,13.45,587972.0,D — Low Priority,Avitar,Sullivan,2026-04-14,,,,,,
Derry,879 Corporate Dr,Derry Commercial LLC,10807313,0.95,11376119.0,19.86,568806.0,D — Low Priority,Vision,Rockingham,2026-04-14,,,,,,
Charlestown,418 Industrial Pkwy,Charlestown Commercial LLC,4581530,0.89,5147787.0,24.56,566257.0,D — Low Priority,Avitar,Sullivan,2026-04-14,,,,,,
Claremont,161 Main St,Claremont Commercial LLC,6364695,0.92,6918147.0,35.78,553452.0,D — Low Priority,Avitar,Sullivan,2026-04-14,,,,,,
Hopkinton,106 Industrial Pkwy,Hopkinton Commercial LLC,7264694,0.93,7811499.0,22.12,546805.0,D — Low Priority,Patriot,Merrimack,2026-04-14,,,,,,
Meredith,277 Business Park Rd,Meredith Commercial LLC,10328141,0.95,10871727.0,11.56,543586.0,D — Low Priority,Vision,Belknap,2026-04-14,,,,,,
Concord,456 Harbor Ave,Concord Commercial LLC,12973006,0.96,13513548.0,24.36,540542.0,D — Low Priority,Vision,Merrimack,2026-04-14,,,,,,
Wilton,102 Main St,Wilton Commercial LLC,6210016,0.92,6750017.0,23.45,540001.0,D — Low Priority,Avitar,Hillsborough,2026-04-14,,,,,,
Hopkinton,75 Industrial Pkwy,Hopkinton Commercial LLC,7100673,0.93,7635132.0,22.12,534459.0,D — Low Priority,Patriot,Merrimack,2026-04-14,,,,,,
Hillsborough,268 Corporate Dr,Hillsborough Commercial LLC,6138145,0.92,6671897.0,24.78,533752.0,D — Low Priority,Avitar,Hillsborough,2026-04-14,,,,,,
Loudon,831 Business Park Rd,Loudon Commercial LLC,6125354,0.92,6657993.0,21.45,532639.0,D — Low Priority,Patriot,Merrimack,2026-04-14,,,,,,
Milford,745 Corporate Dr,Milford Commercial LLC,9979451,0.95,10504685.0,21.45,525234.0,D — Low Priority,Vision,Hillsborough,2026-04-14,,,,,,
Strafford,459 Main St,Strafford Commercial LLC,4712503,0.9,5236114.0,19.45,523611.0,D — Low Priority,Patriot,Strafford,2026-04-14,,,,,,
Pelham,877 Business Park Rd,Pelham Commercial LLC,12360133,0.96,12875139.0,20.12,515006.0,D — Low Priority,Vision,Hillsborough,2026-04-14,,,,,,
Moultonborough,161 Business Park Rd,Moultonborough Commercial LLC,6828433,0.93,7342401.0,8.23,513968.0,D — Low Priority,Avitar,Carroll,2026-04-14,,,,,,
Newton,508 Corporate Dr,Newton Commercial LLC,6708654,0.93,7213606.0,20.67,504952.0,D — Low Priority,Patriot,Rockingham,2026-04-14,,,,,,
Derry,344 Main St,Derry Commercial LLC,9556168,0.95,10059124.0,19.86,502956.0,D — Low Priority,Vision,Rockingham,2026-04-14,,,,,,
Northumberland,226 Main St,Northumberland Commercial LLC,3302186,0.87,3795616.0,24.67,493430.0,D — Low Priority,Avitar,Coos,2026-04-14,,,,,,
Wilton,672 Technology Dr,Wilton Commercial LLC,5542637,0.92,6024605.0,23.45,481968.0,D — Low Priority,Avitar,Hillsborough,2026-04-14,,,,,,
Brookline,913 Corporate Dr,Brookline Commercial LLC,7426219,0.94,7900233.0,20.34,474014.0,D — Low Priority,Patriot,Hillsborough,2026-04-14,,,,,,
Epsom,709 Technology Dr,Epsom Commercial LLC,4722320,0.91,5189363.0,21.78,467043.0,D — Low Priority,Patriot,Merrimack,2026-04-14,,,,,,
Tuftonboro,99 Corporate Dr,Tuftonboro Commercial LLC,4718224,0.91,5184862.0,9.45,466638.0,D — Low Priority,Avitar,Carroll,2026-04-14,,,,,,
Meredith,640 Main St,Meredith Commercial LLC,8853584,0.95,9319562.0,11.56,465978.0,D — Low Priority,Vision,Belknap,2026-04-14,,,,,,
Brentwood,733 Industrial Pkwy,Brentwood Commercial LLC,7232406,0.94,7694049.0,19.56,461643.0,D — Low Priority,Patriot,Rockingham,2026-04-14,,,,,,
Nottingham,109 Commerce Dr,Nottingham Commercial LLC,4655016,0.91,5115402.0,20.89,460386.0,D — Low Priority,Patriot,Rockingham,2026-04-14,,,,,,
Loudon,346 Harbor Ave,Loudon Commercial LLC,5245131,0.92,5701229.0,21.45,456098.0,D — Low Priority,Patriot,Merrimack,2026-04-14,,,,,,
Strafford,572 Business Park Rd,Strafford Commercial LLC,4092501,0.9,4547223.0,19.45,454722.0,D — Low Priority,Patriot,Strafford,2026-04-14,,,,,,
Derry,217 Market St,Derry Commercial LLC,8517209,0.95,8965483.0,19.86,448274.0,D — Low Priority,Vision,Rockingham,2026-04-14,,,,,,
Newton,919 Harbor Ave,Newton Commercial LLC,5901614,0.93,6345822.0,20.67,444208.0,D — Low Priority,Patriot,Rockingham,2026-04-14,,,,,,
Bow,777 Commerce Dr,Bow Commercial LLC,14184121,0.97,14622805.0,19.78,438684.0,D — Low Priority,Vision,Merrimack,2026-04-14,,,,,,
Barrington,880 Main St,Barrington Commercial LLC,5007635,0.92,5443082.0,21.34,435447.0,D — Low Priority,Patriot,Strafford,2026-04-14,,,,,,
Derry,65 Main St,Derry Commercial LLC,8173036,0.95,8603196.0,19.86,430160.0,D — Low Priority,Vision,Rockingham,2026-04-14,,,,,,
Pembroke,315 Corporate Dr,Pembroke Commercial LLC,5697143,0.93,6125960.0,21.89,428817.0,D — Low Priority,Patriot,Merrimack,2026-04-14,,,,,,
Concord,556 Commerce Dr,Concord Commercial LLC,10281369,0.96,10709759.0,24.36,428390.0,D — Low Priority,Vision,Merrimack,2026-04-14,,,,,,
Meredith,392 Technology Dr,Meredith Commercial LLC,8134207,0.95,8562323.0,11.56,428116.0,D — Low Priority,Vision,Belknap,2026-04-14,,,,,,
Bow,244 Business Park Rd,Bow Commercial LLC,13804790,0.97,14231742.0,19.78,426952.0,D — Low Priority,Vision,Merrimack,2026-04-14,,,,,,
Wakefield,130 Technology Dr,Wakefield Commercial LLC,3444191,0.89,3869878.0,15.23,425687.0,D — Low Priority,Avitar,Carroll,2026-04-14,,,,,,
Plaistow,607 Business Park Rd,Plaistow Commercial LLC,8056861,0.95,8480906.0,19.45,424045.0,D — Low Priority,Patriot,Rockingham,2026-04-14,,,,,,
Walpole,892 Harbor Ave,Walpole Commercial LLC,4847865,0.92,5269418.0,21.23,421553.0,D — Low Priority,Avitar,Cheshire,2026-04-14,,,,,,
Merrimack,563 Harbor Ave,Merrimack Commercial LLC,13620268,0.97,14041513.0,18.23,421245.0,D — Low Priority,Vision,Hillsborough,2026-04-14,,,,,,
Hudson,672 Harbor Ave,Hudson Commercial LLC,13611417,0.97,14032389.0,18.89,420972.0,D — Low Priority,Vision,Hillsborough,2026-04-14,,,,,,
Hopkinton,249 Harbor Ave,Hopkinton Commercial LLC,5573619,0.93,5993139.0,22.12,419520.0,D — Low Priority,Patriot,Merrimack,2026-04-14,,,,,,
Pembroke,369 Market St,Pembroke Commercial LLC,5568103,0.93,5987208.0,21.89,419105.0,D — Low Priority,Patriot,Merrimack,2026-04-14,,,,,,
Pelham,820 Business Park Rd,Pelham Commercial LLC,10019431,0.96,10436907.0,20.12,417476.0,D — Low Priority,Vision,Hillsborough,2026-04-14,,,,,,
Kingston,43 Business Park Rd,Kingston Commercial LLC,5526954,0.93,5942961.0,19.34,416007.0,D — Low Priority,Patriot,Rockingham,2026-04-14,,,,,,
Milford,191 Corporate Dr,Milford Commercial LLC,7842611,0.95,8255380.0,21.45,412769.0,D — Low Priority,Vision,Hillsborough,2026-04-14,,,,,,
Dover,840 Market St,Dover Commercial LLC,13232008,0.97,13641245.0,19.17,409237.0,D — Low Priority,Vision,Strafford,2026-04-14,,,,,,
Rollinsford,336 Business Park Rd,Rollinsford Commercial LLC,5366610,0.93,5770548.0,20.34,403938.0,D — Low Priority,Avitar,Strafford,2026-04-14,,,,,,
New London,538 Industrial Pkwy,New London Commercial LLC,6295990,0.94,6697862.0,15.78,401872.0,D — Low Priority,Vision,Merrimack,2026-04-14,,,,,,
Stratham,898 Corporate Dr,Stratham Commercial LLC,12702701,0.97,13095568.0,16.34,392867.0,D — Low Priority,Vision,Rockingham,2026-04-14,,,,,,
Concord,206 Main St,Concord Commercial LLC,9397986,0.96,9789569.0,24.36,391583.0,D — Low Priority,Vision,Merrimack,2026-04-14,,,,,,
Merrimack,27 Commerce Dr,Merrimack Commercial LLC,12587994,0.97,12977313.0,18.23,389319.0,D — Low Priority,Vision,Hillsborough,2026-04-14,,,,,,
Pittsfield,649 Industrial Pkwy,Pittsfield Commercial LLC,3491036,0.9,3878929.0,24.56,387893.0,D — Low Priority,Avitar,Merrimack,2026-04-14,,,,,,
Swanzey,616 Business Park Rd,Swanzey Commercial LLC,3914228,0.91,4301349.0,24.34,387121.0,D — Low Priority,Patriot,Cheshire,2026-04-14,,,,,,
Meredith,883 Harbor Ave,Meredith Commercial LLC,7301754,0.95,7686057.0,11.56,384303.0,D — Low Priority,Vision,Belknap,2026-04-14,,,,,,
Gorham,727 Business Park Rd,Gorham Commercial LLC,3090093,0.89,3472015.0,29.45,381922.0,D — Low Priority,Avitar,Coos,2026-04-14,,,,,,
Laconia,551 Commerce Dr,Laconia Commercial LLC,3071295,0.89,3450893.0,18.92,379598.0,D — Low Priority,Vision,Belknap,2026-04-14,,,,,,
Swanzey,840 Technology Dr,Swanzey Commercial LLC,3829735,0.91,4208500.0,24.34,378765.0,D — Low Priority,Patriot,Cheshire,2026-04-14,,,,,,
Rollinsford,323 Business Park Rd,Rollinsford Commercial LLC,4985209,0.93,5360440.0,20.34,375231.0,D — Low Priority,Avitar,Strafford,2026-04-14,,,,,,
Nottingham,812 Main St,Nottingham Commercial LLC,3770173,0.91,4143047.0,20.89,372874.0,D — Low Priority,Patriot,Rockingham,2026-04-14,,,,,,
Brentwood,469 Market St,Brentwood Commercial LLC,5763642,0.94,6131534.0,19.56,367892.0,D — Low Priority,Patriot,Rockingham,2026-04-14,,,,,,
Loudon,239 Business Park Rd,Loudon Commercial LLC,4222869,0.92,4590075.0,21.45,367206.0,D — Low Priority,Patriot,Merrimack,2026-04-14,,,,,,
Kingston,852 Business Park Rd,Kingston Commercial LLC,4854971,0.93,5220399.0,19.34,365428.0,D — Low Priority,Patriot,Rockingham,2026-04-14,,,,,,
Kingston,450 Corporate Dr,Kingston Commercial LLC,4849396,0.93,5214404.0,19.34,365008.0,D — Low Priority,Patriot,Rockingham,2026-04-14,,,,,,
Greenland,633 Market St,Greenland Commercial LLC,8697469,0.96,9059864.0,16.23,362395.0,D — Low Priority,Vision,Rockingham,2026-04-14,,,,,,
Concord,702 Business Park Rd,Concord Commercial LLC,8596411,0.96,8954595.0,24.36,358184.0,D — Low Priority,Vision,Merrimack,2026-04-14,,,,,,
Hooksett,736 Main St,Hooksett Commercial LLC,8595108,0.96,8953238.0,20.67,358130.0,D — Low Priority,Vision,Merrimack,2026-04-14,,,,,,
Hooksett,638 Commerce Dr,Hooksett Commercial LLC,8500306,0.96,8854485.0,20.67,354179.0,D — Low Priority,Vision,Merrimack,2026-04-14,,,,,,
Tuftonboro,716 Market St,Tuftonboro Commercial LLC,3549148,0.91,3900163.0,9.45,351015.0,D — Low Priority,Avitar,Carroll,2026-04-14,,,,,,
Concord,477 Technology Dr,Concord Commercial LLC,8414709,0.96,8765322.0,24.36,350613.0,D — Low Priority,Vision,Merrimack,2026-04-14,,,,,,
New Boston,759 Corporate Dr,New Boston Commercial LLC,4020154,0.92,4369733.0,20.34,349579.0,D — Low Priority,Avitar,Hillsborough,2026-04-14,,,,,,
Seabrook,654 Business Park Rd,Seabrook Commercial LLC,8347417,0.96,8695226.0,14.67,347809.0,D — Low Priority,Patriot,Rockingham,2026-04-14,,,,,,
Claremont,182 Business Park Rd,Claremont Commercial LLC,3996530,0.92,4344054.0,35.78,347524.0,D — Low Priority,Avitar,Sullivan,2026-04-14,,,,,,
Pelham,47 Industrial Pkwy,Pelham Commercial LLC,8143901,0.96,8483230.0,20.12,339329.0,D — Low Priority,Vision,Hillsborough,2026-04-14,,,,,,
Conway,532 Main St,Conway Commercial LLC,3423570,0.91,3762165.0,12.45,338595.0,D — Low Priority,Patriot,Carroll,2026-04-14,,,,,,
Weare,968 Commerce Dr,Weare Commercial LLC,3345266,0.91,3676116.0,22.34,330850.0,D — Low Priority,Patriot,Hillsborough,2026-04-14,,,,,,
Merrimack,547 Business Park Rd,Merrimack Commercial LLC,10265795,0.97,10583294.0,18.23,317499.0,D — Low Priority,Vision,Hillsborough,2026-04-14,,,,,,
Hudson,294 Business Park Rd,Hudson Commercial LLC,10103230,0.97,10415701.0,18.89,312471.0,D — Low Priority,Vision,Hillsborough,2026-04-14,,,,,,
Salem,325 Corporate Dr,Salem Commercial LLC,7385536,0.96,7693267.0,15.63,307731.0,D — Low Priority,Vision,Rockingham,2026-04-14,,,,,,
Raymond,96 Harbor Ave,Raymond Commercial LLC,4043233,0.93,4347562.0,21.56,304329.0,D — Low Priority,Vision,Rockingham,2026-04-14,,,,,,
Greenland,348 Main St,Greenland Commercial LLC,7270070,0.96,7572990.0,16.23,302920.0,D — Low Priority,Vision,Rockingham,2026-04-14,,,,,,
Atkinson,798 Main St,Atkinson Commercial LLC,9706024,0.97,10006210.0,16.78,300186.0,D — Low Priority,Patriot,Rockingham,2026-04-14,,,,,,
Pelham,620 Corporate Dr,Pelham Commercial LLC,7197355,0.96,7497245.0,20.12,299890.0,D — Low Priority,Vision,Hillsborough,2026-04-14,,,,,,
Manchester,896 Harbor Ave,Manchester Commercial LLC,14471761,0.98,14767103.0,22.12,295342.0,D — Low Priority,Vision,Hillsborough,2026-04-14,,,,,,
Manchester,99 Main St,Manchester Commercial LLC,14310552,0.98,14602604.0,22.12,292052.0,D — Low Priority,Vision,Hillsborough,2026-04-14,,,,,,
Walpole,524 Commerce Dr,Walpole Commercial LLC,3344855,0.92,3635712.0,21.23,290857.0,D — Low Priority,Avitar,Cheshire,2026-04-14,,,,,,
Windham,922 Commerce Dr,Windham Commercial LLC,14098716,0.98,14386445.0,17.23,287729.0,D — Low Priority,Vision,Rockingham,2026-04-14,,,,,,
Manchester,227 Business Park Rd,Manchester Commercial LLC,14002109,0.98,14287866.0,22.12,285757.0,D — Low Priority,Vision,Hillsborough,2026-04-14,,,,,,
Salem,659 Commerce Dr,Salem Commercial LLC,6693305,0.96,6972193.0,15.63,278888.0,D — Low Priority,Vision,Rockingham,2026-04-14,,,,,,
Plaistow,350 Industrial Pkwy,Plaistow Commercial LLC,5255363,0.95,5531961.0,19.45,276598.0,D — Low Priority,Patriot,Rockingham,2026-04-14,,,,,,
Derry,472 Technology Dr,Derry Commercial LLC,5230919,0.95,5506231.0,19.86,275312.0,D — Low Priority,Vision,Rockingham,2026-04-14,,,,,,
Milford,323 Business Park Rd,Milford Commercial LLC,5215167,0.95,5489649.0,21.45,274482.0,D — Low Priority,Vision,Hillsborough,2026-04-14,,,,,,
Hopkinton,859 Industrial Pkwy,Hopkinton Commercial LLC,3550222,0.93,3817443.0,22.12,267221.0,D — Low Priority,Patriot,Merrimack,2026-04-14,,,,,,
Pelham,636 Commerce Dr,Pelham Commercial LLC,6379569,0.96,6645384.0,20.12,265815.0,D — Low Priority,Vision,Hillsborough,2026-04-14,,,,,,
Bow,167 Commerce Dr,Bow Commercial LLC,8499720,0.97,8762598.0,19.78,262878.0,D — Low Priority,Vision,Merrimack,2026-04-14,,,,,,
Meredith,750 Harbor Ave,Meredith Commercial LLC,4983509,0.95,5245799.0,11.56,262290.0,D — Low Priority,Vision,Belknap,2026-04-14,,,,,,
Hampstead,677 Main St,Hampstead Commercial LLC,4954109,0.95,5214852.0,18.67,260743.0,D — Low Priority,Vision,Rockingham,2026-04-14,,,,,,
Manchester,681 Market St,Manchester Commercial LLC,12749436,0.98,13009629.0,22.12,260193.0,D — Low Priority,Vision,Hillsborough,2026-04-14,,,,,,
Merrimack,477 Harbor Ave,Merrimack Commercial LLC,8130397,0.97,8381853.0,18.23,251456.0,D — Low Priority,Vision,Hillsborough,2026-04-14,,,,,,
Hopkinton,764 Commerce Dr,Hopkinton Commercial LLC,3327359,0.93,3577805.0,22.12,250446.0,D — Low Priority,Patriot,Merrimack,2026-04-14,,,,,,
North Hampton,143 Market St,North Hampton Commercial LLC,11837590,0.98,12079173.0,14.78,241583.0,D — Low Priority,Vision,Rockingham,2026-04-14,,,,,,
Raymond,237 Corporate Dr,Raymond Commercial LLC,3176615,0.93,3415715.0,21.56,239100.0,D — Low Priority,Vision,Rockingham,2026-04-14,,,,,,
Danville,122 Market St,Danville Commercial LLC,3160775,0.93,3398683.0,20.45,237908.0,D — Low Priority,Patriot,Rockingham,2026-04-14,,,,,,
Moultonborough,986 Technology Dr,Moultonborough Commercial LLC,3134055,0.93,3369952.0,8.23,235897.0,D — Low Priority,Avitar,Carroll,2026-04-14,,,,,,
Amherst,736 Corporate Dr,Amherst Commercial LLC,7594877,0.97,7829770.0,19.23,234893.0,D — Low Priority,Patriot,Hillsborough,2026-04-14,,,,,,
Milford,872 Harbor Ave,Milford Commercial LLC,4414466,0.95,4646806.0,21.45,232340.0,D — Low Priority,Vision,Hillsborough,2026-04-14,,,,,,
Greenland,225 Main St,Greenland Commercial LLC,5484413,0.96,5712930.0,16.23,228517.0,D — Low Priority,Vision,Rockingham,2026-04-14,,,,,,
Amherst,826 Corporate Dr,Amherst Commercial LLC,7197571,0.97,7420176.0,19.23,222605.0,D — Low Priority,Patriot,Hillsborough,2026-04-14,,,,,,
Concord,566 Commerce Dr,Concord Commercial LLC,5305413,0.96,5526472.0,24.36,221059.0,D — Low Priority,Vision,Merrimack,2026-04-14,,,,,,
Bow,428 Corporate Dr,Bow Commercial LLC,7056518,0.97,7274761.0,19.78,218243.0,D — Low Priority,Vision,Merrimack,2026-04-14,,,,,,
Amherst,96 Business Park Rd,Amherst Commercial LLC,6970001,0.97,7185568.0,19.23,215567.0,D — Low Priority,Patriot,Hillsborough,2026-04-14,,,,,,
Hanover,81 Industrial Pkwy,Hanover Commercial LLC,10072695,0.98,10278260.0,18.23,205565.0,D — Low Priority,Vision,Grafton,2026-04-14,,,,,,
Bow,316 Harbor Ave,Bow Commercial LLC,6416664,0.97,6615118.0,19.78,198454.0,D — Low Priority,Vision,Merrimack,2026-04-14,,,,,,
Amherst,676 Commerce Dr,Amherst Commercial LLC,6369720,0.97,6566722.0,19.23,197002.0,D — Low Priority,Patriot,Hillsborough,2026-04-14,,,,,,
North Hampton,776 Business Park Rd,North Hampton Commercial LLC,9555968,0.98,9750988.0,14.78,195020.0,D — Low Priority,Vision,Rockingham,2026-04-14,,,,,,
Bow,687 Harbor Ave,Bow Commercial LLC,6275709,0.97,6469803.0,19.78,194094.0,D — Low Priority,Vision,Merrimack,2026-04-14,,,,,,
Hanover,268 Harbor Ave,Hanover Commercial LLC,9484531,0.98,9678093.0,18.23,193562.0,D — Low Priority,Vision,Grafton,2026-04-14,,,,,,
Hudson,982 Industrial Pkwy,Hudson Commercial LLC,6080389,0.97,6268442.0,18.89,188053.0,D — Low Priority,Vision,Hillsborough,2026-04-14,,,,,,
Amherst,729 Corporate Dr,Amherst Commercial LLC,5989475,0.97,6174716.0,19.23,185241.0,D — Low Priority,Patriot,Hillsborough,2026-04-14,,,,,,
North Hampton,125 Harbor Ave,North Hampton Commercial LLC,8893309,0.98,9074805.0,14.78,181496.0,D — Low Priority,Vision,Rockingham,2026-04-14,,,,,,
Plaistow,289 Corporate Dr,Plaistow Commercial LLC,3421240,0.95,3601305.0,19.45,180065.0,D — Low Priority,Patriot,Rockingham,2026-04-14,,,,,,
Hampstead,359 Harbor Ave,Hampstead Commercial LLC,3402690,0.95,3581779.0,18.67,179089.0,D — Low Priority,Vision,Rockingham,2026-04-14,,,,,,
Concord,996 Harbor Ave,Concord Commercial LLC,4271741,0.96,4449730.0,24.36,177989.0,D — Low Priority,Vision,Merrimack,2026-04-14,,,,,,
Merrimack,17 Market St,Merrimack Commercial LLC,5727423,0.97,5904560.0,18.23,177137.0,D — Low Priority,Vision,Hillsborough,2026-04-14,,,,,,
Amherst,920 Business Park Rd,Amherst Commercial LLC,5640328,0.97,5814771.0,19.23,174443.0,D — Low Priority,Patriot,Hillsborough,2026-04-14,,,,,,
Manchester,822 Industrial Pkwy,Manchester Commercial LLC,8320385,0.98,8490189.0,22.12,169804.0,D — Low Priority,Vision,Hillsborough,2026-04-14,,,,,,
Bow,819 Technology Dr,Bow Commercial LLC,5428388,0.97,5596276.0,19.78,167888.0,D — Low Priority,Vision,Merrimack,2026-04-14,,,,,,
Goffstown,646 Market St,Goffstown Commercial LLC,3109556,0.95,3273217.0,22.34,163661.0,D — Low Priority,Vision,Hillsborough,2026-04-14,,,,,,
Hanover,387 Main St,Hanover Commercial LLC,7959617,0.98,8122058.0,18.23,162441.0,D — Low Priority,Vision,Grafton,2026-04-14,,,,,,
Dover,773 Commerce Dr,Dover Commercial LLC,5109818,0.97,5267854.0,19.17,158036.0,D — Low Priority,Vision,Strafford,2026-04-14,,,,,,
Stratham,285 Corporate Dr,Stratham Commercial LLC,5055723,0.97,5212086.0,16.34,156363.0,D — Low Priority,Vision,Rockingham,2026-04-14,,,,,,
Salem,664 Market St,Salem Commercial LLC,3721747,0.96,3876820.0,15.63,155073.0,D — Low Priority,Vision,Rockingham,2026-04-14,,,,,,
Hudson,144 Main St,Hudson Commercial LLC,4915631,0.97,5067661.0,18.89,152030.0,D — Low Priority,Vision,Hillsborough,2026-04-14,,,,,,
Bow,340 Market St,Bow Commercial LLC,4825665,0.97,4974912.0,19.78,149247.0,D — Low Priority,Vision,Merrimack,2026-04-14,,,,,,
Dover,675 Industrial Pkwy,Dover Commercial LLC,4737095,0.97,4883603.0,19.17,146508.0,D — Low Priority,Vision,Strafford,2026-04-14,,,,,,
Hollis,624 Technology Dr,Hollis Commercial LLC,3481680,0.96,3626750.0,18.45,145070.0,D — Low Priority,Patriot,Hillsborough,2026-04-14,,,,,,
Rye,289 Harbor Ave,Rye Commercial LLC,13970723,0.99,14111841.0,13.45,141118.0,D — Low Priority,Vision,Rockingham,2026-04-14,,,,,,
Merrimack,481 Corporate Dr,Merrimack Commercial LLC,4418175,0.97,4554820.0,18.23,136645.0,D — Low Priority,Vision,Hillsborough,2026-04-14,,,,,,
Stratham,613 Market St,Stratham Commercial LLC,4404330,0.97,4540546.0,16.34,136216.0,D — Low Priority,Vision,Rockingham,2026-04-14,,,,,,
North Hampton,51 Main St,North Hampton Commercial LLC,6375957,0.98,6506079.0,14.78,130122.0,D — Low Priority,Vision,Rockingham,2026-04-14,,,,,,
Windham,418 Industrial Pkwy,Windham Commercial LLC,6353597,0.98,6483262.0,17.23,129665.0,D — Low Priority,Vision,Rockingham,2026-04-14,,,,,,
Nashua,785 Business Park Rd,Nashua Commercial LLC,12613273,0.99,12740680.0,17.48,127407.0,D — Low Priority,Vision,Hillsborough,2026-04-14,,,,,,
Hudson,439 Industrial Pkwy,Hudson Commercial LLC,4119043,0.97,4246436.0,18.89,127393.0,D — Low Priority,Vision,Hillsborough,2026-04-14,,,,,,
Salem,896 Business Park Rd,Salem Commercial LLC,3049115,0.96,3176161.0,15.63,127046.0,D — Low Priority,Vision,Rockingham,2026-04-14,,,,,,
Windham,849 Commerce Dr,Windham Commercial LLC,5648790,0.98,5764071.0,17.23,115281.0,D — Low Priority,Vision,Rockingham,2026-04-14,,,,,,
Atkinson,525 Technology Dr,Atkinson Commercial LLC,3675510,0.97,3789186.0,16.78,113676.0,D — Low Priority,Patriot,Rockingham,2026-04-14,,,,,,
Stratham,417 Business Park Rd,Stratham Commercial LLC,3491072,0.97,3599043.0,16.34,107971.0,D — Low Priority,Vision,Rockingham,2026-04-14,,,,,,
Nashua,943 Harbor Ave,Nashua Commercial LLC,10413023,0.99,10518205.0,17.48,105182.0,D — Low Priority,Vision,Hillsborough,2026-04-14,,,,,,
Rye,432 Corporate Dr,Rye Commercial LLC,10068121,0.99,10169819.0,13.45,101698.0,D — Low Priority,Vision,Rockingham,2026-04-14,,,,,,
Amherst,75 Corporate Dr,Amherst Commercial LLC,3157164,0.97,3254808.0,19.23,97644.0,D — Low Priority,Patriot,Hillsborough,2026-04-14,,,,,,
Rye,23 Commerce Dr,Rye Commercial LLC,8738852,0.99,8827123.0,13.45,88271.0,D — Low Priority,Vision,Rockingham,2026-04-14,,,,,,
North Hampton,800 Technology Dr,North Hampton Commercial LLC,3996161,0.98,4077715.0,14.78,81554.0,D — Low Priority,Vision,Rockingham,2026-04-14,,,,,,
Nashua,155 Commerce Dr,Nashua Commercial LLC,4105534,0.99,4147004.0,17.48,41470.0,D — Low Priority,Vision,Hillsborough,2026-04-14,,,,,,
Hampton,608 Business Park Rd,Hampton Commercial LLC,3061087,1.01,3030779.0,13.87,-30308.0,D — Low Priority,Vision,Rockingham,2026-04-14,,,,,,
Hampton,113 Harbor Ave,Hampton Commercial LLC,9409907,1.01,9316740.0,13.87,-93167.0,D — Low Priority,Vision,Rockingham,2026-04-14,,,,,,
Bedford,414 Harbor Ave,Bedford Commercial LLC,4766891,1.02,4673423.0,16.54,-93468.0,D — Low Priority,Vision,Hillsborough,2026-04-14,,,,,,
Hampton,664 Technology Dr,Hampton Commercial LLC,10205547,1.01,10104502.0,13.87,-101045.0,D — Low Priority,Vision,Rockingham,2026-04-14,,,,,,
Bedford,21 Technology Dr,Bedford Commercial LLC,7304572,1.02,7161345.0,16.54,-143227.0,D — Low Priority,Vision,Hillsborough,2026-04-14,,,,,,
Bedford,271 Industrial Pkwy,Bedford Commercial LLC,9423388,1.02,9238616.0,16.54,-184772.0,D — Low Priority,Vision,Hillsborough,2026-04-14,,,,,,
Bedford,100 Business Park Rd,Bedford Commercial LLC,10204212,1.02,10004129.0,16.54,-200083.0,D — Low Priority,Vision,Hillsborough,2026-04-14,,,,,,
Bedford,956 Corporate Dr,Bedford Commercial LLC,12180351,1.02,11941521.0,16.54,-238830.0,D — Low Priority,Vision,Hillsborough,2026-04-14,,,,,,
Bedford,22 Corporate Dr,Bedford Commercial LLC,12784633,1.02,12533954.0,16.54,-250679.0,D — Low Priority,Vision,Hillsborough,2026-04-14,,,,,,
Bedford,331 Industrial Pkwy,Bedford Commercial LLC,12958614,1.02,12704524.0,16.54,-254090.0,D — Low Priority,Vision,Hillsborough,2026-04-14,,,,,,
Bedford,662 Corporate Dr,Bedford Commercial LLC,13526850,1.02,13261618.0,16.54,-265232.0,D — Low Priority,Vision,Hillsborough,2026-04-14,,,,,,
